,Tweets
0,"Belasan perusahaan di wilayah Kota Tasikmalaya, Jawa Barat, melakuan pemutusan hubungan kerja (PHK) bagi pegawai.  https://t.co/0NGp6nLZpr"
1,Latar belakang pengalaman Prabowo di dunia militer menjadi lengkap bila berpasangan dengan Erick Thohir  https://t.co/MI9SRBX8RK
2,9 Tips Sederhana untuk Memulai Rutininas Olahraga Lari   https://t.co/rzoCKTC99z
3,"Sebagai informasi, Mandatory Serum Infused Brightening Body Lotion dilengkapi dengan kandungan serum infused di set… https://t.co/6mguLmErLB"
4,"RT @KementerianLHK: Sobat Hijau, Pemerintah Indonesia melalui Kementerian LHK, dan Inggris (UK) melalui the Foreign, Commonwealth and Devel…"
5,"World Justice Project (WJP), organisasi yang bergerak untuk memajukan supremasi hukum, lewat penelitian bertajuk Ru… https://t.co/2cPODuqfw4"
6,Wakil Ketua Majelis Syuro Partai Keadilan Sejahtera Ahmad Heryawan bertemu calon presiden (capres) dari Partai NasD… https://t.co/GuuFZEDPbY
7,Ia menyerukan kepada para mahasiswa untuk menjadi kekuatan perubahan.   https://t.co/mXrKUEqViE
8,Wakil Ketua Majelis Syura Partai Keadilan Sejahtera (PKS) Ahmad Heryawan (Aher) mengatakan hubungan partainya denga… https://t.co/QEY3cnibcX
9,"Colekan dari PKS disampaikan melalui aneka pantun. Anies turut meresponsnya dengan pantun.

  https://t.co/JSfsV6J7CD"
10,"Orde Kolaborasi, Tata Baru Pasca-Pembelahan Politik  https://t.co/qK9rJyOZNb"
11,Presiden Somalia Hassan Sheikh Mohamud mengatakan sedikitnya 100 orang tewas dan 300 terluka dalam dua ledakan bom… https://t.co/Cc6VxEPMNH
12,"Guna mendukung kompetensi tenaga kerja konstruksi sekaligus sumber daya manusia (SDM) di bidang konstruksi, Nippon… https://t.co/WlaIfcIrFy"
13,"Guna mendukung kompetensi tenaga kerja konstruksi sekaligus sumber daya manusia (SDM) di bidang konstruksi, Nippon… https://t.co/izCyZIcD8s"
14,Relawan Puan Sebar Ratusan Paket Sembako untuk Masyarakat Banten  https://t.co/0QRXhT6Kz3
15,"Sementara, Menhub Budi Karya mengatakan, pemerintah akan memfasilitasi berbagai infrastruktur kendaraan listrik  https://t.co/3jH0O0MXIr"
16,Martono optimistis langkah Jokowi menggenjot percepatan digitalisasi di Tanah Air berdampak pada kemajuan menuju In… https://t.co/Lpnt8eWazE
17,"RATUSAN angkutan kota (angkot) di Kota Depok, Jawa Barat dalam tiga tahun terakhir menunggak pajak. Total tunggakan… https://t.co/aT27Z40OIB"
18,"Pembalap Formula 1 (F1) Max Verstappen sukses merebut pole position Grand Prix (GP) Meksiko, setelah mengalahkan du… https://t.co/0HoPWuzneD"
19,Petenis putri nomor satu dunia Iga Swiatek berkeinginan menutup musim 2022 dengan mahkota juara WTA Finals. Di mana… https://t.co/elcYLNIUGT
20,Luhut Binsar Pandjaitan yakin ekonomi Indonesia akan bertahan terhadap ketidakpastian ekonomi global dengan meningk… https://t.co/ozX4iAC11i
21,Ondoafi dari Suku Tibo ini mengungkapkan kegembiraannya atas kemajuan sikap Lukas sehingga sangkaan korupsi yang me… https://t.co/L7KnVSUQzJ
22,“Tingginya jumlah peserta dalam kompetisi bidang khusus ini mewakili keberhasilan upaya Daikin dalam mempromosikan… https://t.co/Iu9jWJxr6h
23,Telkomsel melalui platform video MAXstream kembali menghadirkan konten video on demand service berjudul Healing tel… https://t.co/mwZ6Ap8m5C
24,"Sehubungan dengan kejadian yang menimpa turis lokal dan mancanegara di Itaewon, Seoul, pada malam Halloween atau Sa… https://t.co/wA9H33vYID"
25,Kementerian Pendidikan Kebudayaan Riset dan Teknologi (Kemendikbudristek) RI telah menetapkan tujuh budaya tak bend… https://t.co/2DP9LludHe
26,Perundingan Batas ZEE dengan Vietnam Dipertanyakan Pengamat Maritim  https://t.co/XLHMUWzChn
27,"Menurutnya, anggota atau pengurus AMAN yang merupakan anak adat dari berbagai wilayah adat di Indonesia, tidak laya… https://t.co/PHyZy1YJKN"
28,KKP optimistis mampu memenuhi target produksi udang nasional sebanyak 2 juta ton pada tahun 2024 dan memicu bangkit… https://t.co/tTgC67n0ym
29,Otoritas Jasa Keuangan (OJK) mengumumkan hasil Survei Nasional Literasi dan Inklusi Keuangan (SNLIK) 2022 menunjukk… https://t.co/m4x9iz5C1b
30,"Di tahun ini, BP Batam mengangkat tema “51 tahun BP Batam, Terus Berkarya” sebagai penyulut semangat dalam lika-lik… https://t.co/czSqkskyAk"
31,Wakil Kepala Polri Komisaris Jenderal Polisi Gatot Eddy Pramono mengatakan aparat kepolisian siap melakukan pengama… https://t.co/tPiGazpOTW
32,"Menteri Koperasi dan UKM Teten Masduki meresmikan Pos Bloc di Kota Medan, Sumatra Utara.   https://t.co/D73tzwr07q"
33,"Masih mengusung nilai-nilai dari “FDR Riding Culture,” yaitu Safe, Care dan Respect, rangkaian kegiatan FDR Day jug… https://t.co/rW7BeURCQR"
34,RATUSAN para pencari kerja terlihat duduk menunggu giliran antiran wawancara kerja untuk industri pernikahan yang d… https://t.co/r96vILS2PQ
35,"Jenama Starbucks akan menyajikan minuman, makanan, dan koleksi merchandise khas untuk merayakan dan menikmati suasa… https://t.co/vwFVjQTVl1"
36,"“ASDP, Pelni (Pelayaran Nasional Indonesia) dan Pelindo (Pelabuhan Indonesia) ini kita dorong untuk bersinergi memb… https://t.co/4QKxcQBC2m"
37,"“Melalui Sumpah Pemuda, yang kita kita peringati pada 28 Oktober kemaren kita bias mengambil pelajaran, bahwa musik… https://t.co/hRfOTv2YpI"
38,Kedutaan Besar Republik Indonesia (KBRI) Seoul mengatakan bahwa tidak ada warga negara Indonesia (WNI) yang menjadi… https://t.co/nFYZ0nuRyx
39,Kedutaan Besar RI di Beijing telah mengeluarkan visa bagi 221 wartawan dari berbagai media yang berafiliasi dengan… https://t.co/hN3F6i3OcR
40,"Konser musik 'Berdendang Bergoyang' di Istora Senayan, Sabtu (29/10) malam dihentikan oleh polisi.  https://t.co/afmrF9gppL"
41,"Puncak Milad Ke-45 BKPRMI, Prabowo Subianto Sumbang 25 Mobil Pemelihara Masjid  https://t.co/xJQNbloGLs"
42,"Pada malam Halloween kemarin, lebih tepatnya pada hari Sabtu (29/30) malam, setidaknya sekitar 149 orang dilaporkan… https://t.co/frg2o04jPV"
43,"Bila kita tidak melupakan sejarah, Partai NasDem adalah yang pertama kali menyatakan mendukung Joko Widodo sebagai… https://t.co/hKAUtsXEzz"
44,Sedikitnya 149 orang tewas dan puluhan lainnya luka-luka akibat terinjak-injak pada acara Halloween di pusat kota S… https://t.co/gSZYKGK2xg
45,"“Kepada seluruh masyarakat Indonesia, saya mengucapkan selamat memperingati Hari Sumpah Pemuda. Bangkit terus pemud… https://t.co/NPa81r8FyX"
46,Dalam kesempatan itu Syamsurizal mewakili Komisi II juga menanggapi respon masyarakat yang menilai kurangnya transp… https://t.co/EcEv9Hxqad
47,Kepala Biro Komunikasi dan Pelayanan Publik Kemenkes RI Siti Nadia Tarmizi mengatakan Jepang mendonasikan 200 vial… https://t.co/0ze5gx9RPy
48,Ribuan Bayi Penyu Dilepasliarkan di Danau Amazon Peru  https://t.co/gEQss3cTec
49,"Blibli terus meningkatkan kapabilitas dan menerapkan pendekatan yang lebih tepat, lebih dekat, dan lebih familiar b… https://t.co/gfiXcHbsnq"
50,"Kini, di tengah makian dan ujaran kebencian yang bertebaran, memang sudah selayaknya kita mengingat dan merenungi k… https://t.co/EcemRagHgo"
51,Salah satu contoh dampak positif dari banyak kegiatan menjelang KTT adalah meningkatnya tingkat hunian hotel-hotel… https://t.co/t6aL5Brdiz
52,"CEO Segway Motors Indonesia, Yedi Sondy mengungkapkan bahwa pihaknya memiliki target untuk membuka lebih banyak dil… https://t.co/puJhKqFsuB"
53,Percakapan Diri I-IV   https://t.co/0MBsmbhZa5
54,"MEMBANGKITKAN kembali gairah memproduksi miniatur kapal, menjadi fokus Universitas Pembangunan Nasional Veteran Jak… https://t.co/1T1ykCo1VJ"
55,"Menurut Saiful, Syahrial sebagai litbang juga tidak cermat membaca sejarah  https://t.co/sGOvkqLy5M"
56,"Diketahui, PSSI memutuskan untuk mempercepat pelaksanaan KLB, setelah menggelar rapat darurat Exco di Kantor PSSI,… https://t.co/yyOCzGWoKi"
57,"Riri berharap, ini menjadi contoh regenerasi masa depan bersama sama menjada sumberdaya untuk masa depan yang cerah… https://t.co/7y22TEMZUy"
58,JANGAN sembrono dan jangan lama-lama. Itulah kurang lebih pesan yang disampaikan oleh Presiden Joko Widodo yang mem… https://t.co/YIcsJzFalo
59,"Meski sempat diguyur hujan hingga ada pengalihan rute untuk etape ke-7, TSG dengan menggunakan sepeda Polygon Helio… https://t.co/apEMtFpxrU"
60,"Selama menjalani TC di Yogyakarta pada 26 Oktober-19 November, Borneo FC telah mengagendakan setidaknya empat perta… https://t.co/HDPN7gWizj"
61,Hasil kolaborasi yang diberi nama Polygon E-bike Centenary itu telah diserahterimakan kepada Sekretaris Kabiner Pra… https://t.co/yF3r6CmRuF
62,Program pelatihan itu  merupakan Program Pendidikan Kecakapan Kerja (PKK) yang bertujuan untuk mendidik dan melatih… https://t.co/E2P12XxI3d
63,Fuso Truck Campaign di Pekanbaru Bukukan 618 SPK  https://t.co/35JbKHZsC8
64,"Hasil SNLIK 2022 menunjukkan bahwa indeks literasi keuangan masyarakat Indonesia sebesar 49,68% dan inklusi keuanga… https://t.co/cQUEyXntD5"
65,Enam dari 10 Gen Z berusia 18-25 tahun di Indonesia mengaku pernah mengalami gejala isu kesehatan mental. Sayangnya… https://t.co/ybvLA9nYyt
66,Man City baru bisa mencetak gol di awal babak kedua lewat Kevin de Bruyne pada menit ke-49.  https://t.co/sxciWq1Goc
67,Garuda menjadi satu-satunya maskapai penerbangan asal Indonesia yang berhasil menempati jajaran peringkat tertinggi… https://t.co/jtUKOLSYLA
68,"“Lagu ini adalah refleksi dari rasa syukur dan proses hidup yang hingga saat ini saya jalani.""  https://t.co/rGHBlL83uQ"
69,"Namun, Muhyiddin Yassin, yang juga merupakan mantan PM Malaysia, enggan bekerja sama dengan Mahathir Mohamad jelang… https://t.co/v2xZxXr8Gf"
70,"Tidak tanggung-tanggung, acara ini mengundang banyak artis besar seperti Souljah, Seventeen, Dewi Perssik, Mala Aga… https://t.co/jeVkwkN5Dz"
71,Erick meminta kepada para mahasiwa tak henti mengembangkan potensi-potensi digital  https://t.co/0qAjSqIdjD
72,"Kapolda Metro Jaya pun meneruskan pesan dari Presiden Jokowi, agar anggota kepolisian tidka menonjolkan gaya hidup… https://t.co/Jt55i55T59"
73,Luhut Tidak Berminat Turun Gelanggang di Pilpres 2024. Wakil Ketua Umum DPP Partai NasDem Ahmad Ali berminat menyan… https://t.co/ruiYMqgkT8
74,"Di Tengah Ancaman Resesi, Sebaiknya Pilih Aset Trading 'Safe Haven'    https://t.co/SV8KaS1SQM"
75,"DIREKTUR Jaringan GUSDURian, Alissa Wahid, mendapat penghargaan internasional The Niwano Peace Prize Visionary Awar… https://t.co/2T4MGHsrTs"
76,BMKG Keluarkan Peringatan Dini Cuaca Ekstrem Dampak Siklon Tropis Nalgae. Kondisi tersebut mampu meningkatkan poten… https://t.co/TdgxrWEaLP
77,"Berbagai macam pengalaman selama mengajar tentunya sudah dirasakan oleh para guru maupun dosen.

Buku yang ditulis… https://t.co/EXVwapTMsV"
78,"Konten yang bisa untuk edukasi mencegah stunting, misalnya, konten tentang sanitasi, pemenuhan gizi, penggunaan air… https://t.co/8j9jnIdtbf"
79,Melanggengkan Kejayaan Jayabaya: Kisah Sukses Para Alumninya   https://t.co/hmXdmEkarb
80,"Berbagai atraksi sirkus seperti Performance Troupe, Juggling Club, Juggling Ring, Putar Ring, Chinese Yoyo, Clown,… https://t.co/laL3SGrc4q"
81,"Dilantik Jadi Ketua PW GMPI Jatim, Sugondo Siap Menangkan PPP di Pemilu 2024  https://t.co/UPe7jAgBO2"
82,"Deanna mengatakan desain karakter dan animasi bagaikan sebuah puzzle yang cukup sulit tetapi menyenangkan, sehingga… https://t.co/Xh10hy7J5m"
83,Seorang Lansia yang ditabrak Bus Transjakarta Akhirnya Meninggal Dunia. Diduga karena kurang hati-hati dan konsentr… https://t.co/fGmjyooIR1
84,"Raih Peringkat 2 Rating ESG Dunia, Daya Saing Pertamina Kian Meningkat  https://t.co/XCg52boW1i"
85,Kapolri Jenderal Listyo Sigit Prabowo menghadiri undangan untuk memberikan orasi kebangsaan terkait dengan momentum… https://t.co/RQBu6yJ8RM
86,"Hadirnya pemuda menurut Ketua Umum (Ketum) Front Pemuda Muslim Maluku (FPMM) itu, sangat tepat guna mengobati atau… https://t.co/0dsSpz984F"
87,"Menurut TGIPF, salah satu persoalan besar dari federasi ialah pemilik klub bola yang juga menjadi pengurus PSSI ata… https://t.co/TRbkl2lTK8"
88,"Saksikan Indonesia Bicara “Sustainable Invesment (Renewable Energy)"". Rabu, 02 November 2022 pukul 10.00 WIB. Disku… https://t.co/vTQAQNSk2O"
89,"Gara-gara Konten Makelar Kasus di Kejagung, Alvin Lim Dilaporkan ke Polisi. Alvin Lim dan Sherly Kuganda disebut te… https://t.co/K8DuL0VAhJ"
90,"Sampai saat ini, LSP BWI telah memberikan Sertifikasi Kompetensi Nazhir kepada 1140 orang dari 24 provinsi di Indon… https://t.co/27LS7Iyde6"
91,"NasDem, sebagai partai yang mengusung Anies sebagai calon presiden, memberikan keleluasan kepada mantan Gubernur DK… https://t.co/MaT8eTUSqD"
92,OneMed siap gandeng mitra global  https://t.co/YPma4NYM1A
93,Arema FC: KLB Merupakan Percepatan Transformasi Sepak Bola Nasional. Arema FC sudah mendapatkan surat resmi dari PS… https://t.co/3ful97ayjm
94,"Kapolri: Jangan Bermusuhan karena Beda Pilihan Politik. Kondisi tersebut, kata dia, tentunya akan memunculkan polit… https://t.co/Huwwm1rQvN"
95,"Sementara itu, kasus aktif meningkat 1.005 sehingga menjadi 23.748 orang.  https://t.co/i5Mv72YCDW"
96,Shodiq meyakini bahwa kekuatan anak muda sangat besar di Pemilu 2024.  https://t.co/4UV93shOWf
97,"Tahun ini, Indonesia secara global maupun di ASEAN perannya sangat sentral.  https://t.co/5j5Bk0OAOj"
98,"""Jangan dahulu anti ini anti itu. Kriterianya mana dahulu?"" ujar JK  https://t.co/LJuywXqXn4"
99,"Pada gelaran ini, Ditjen Diktiristek memperoleh empat penghargaan  https://t.co/UJ95ADeMst"
