;Unnamed: 0;pengguna;Tweets;sentimen;step01;tokens;final_tokens;step02
0;0;OtterAng;@mediaindonesia Wah cocok ne, gw dukung 2024 menang di balai pustaka. Amin;0;user wah cocok ne gw dukung number menang di balai pustaka amin;['user', 'wah', 'cocok', 'ne', 'gw', 'dukung', 'number', 'menang', 'di', 'balai', 'pustaka', 'amin'];['user', 'wah', 'cocok', 'ne', 'gw', 'dukung', 'number', 'menang', 'di', 'balai', 'pustaka', 'amin'];user wah cocok ne gw dukung number menang di balai pustaka amin
1;1;mediaindonesia;Belasan perusahaan di wilayah Kota Tasikmalaya, Jawa Barat, melakuan pemutusan hubungan kerja (PHK) bagi pegawai.  https://t.co/0NGp6nLZpr;0;belasan perusahaan di wilayah kota tasikmalaya jawa barat melakuan pemutusan hubungan kerja phk bagi pegawai co0ngp6nlzpr;['belasan', 'perusahaan', 'di', 'wilayah', 'kota', 'tasikmalaya', 'jawa', 'barat', 'melakuan', 'pemutusan', 'hubungan', 'kerja', 'phk', 'bagi', 'pegawai', 'co0ngp6nlzpr'];['belasan', 'perusahaan', 'di', 'wilayah', 'kota', 'tasikmalaya', 'jawa', 'barat', 'melakuan', 'pemutusan', 'hubungan', 'kerja', 'phk', 'bagi', 'pegawai', 'co0ngp6nlzpr'];belasan perusahaan di wilayah kota tasikmalaya jawa barat melakuan pemutusan hubungan kerja phk bagi pegawai co0ngp6nlzpr
2;2;mediaindonesia;Latar belakang pengalaman Prabowo di dunia militer menjadi lengkap bila berpasangan dengan Erick Thohir  https://t.co/MI9SRBX8RK;0;latar belakang pengalaman prabowo di dunia militer menjadi lengkap bila berpasangan dengan erick thohir comi9srbx8rk;['latar', 'belakang', 'pengalaman', 'prabowo', 'di', 'dunia', 'militer', 'menjadi', 'lengkap', 'bila', 'berpasangan', 'dengan', 'erick', 'thohir', 'comi9srbx8rk'];['latar', 'belakang', 'pengalaman', 'prabowo', 'di', 'dunia', 'militer', 'menjadi', 'lengkap', 'bila', 'berpasangan', 'dengan', 'erick', 'thohir', 'comi9srbx8rk'];latar belakang pengalaman prabowo di dunia militer menjadi lengkap bila berpasangan dengan erick thohir comi9srbx8rk
3;3;mediaindonesia;9 Tips Sederhana untuk Memulai Rutininas Olahraga Lari   https://t.co/rzoCKTC99z;0;number tips sederhana untuk memulai rutininas olahraga lari corzocktc99z;['number', 'tips', 'sederhana', 'untuk', 'memulai', 'rutininas', 'olahraga', 'lari', 'corzocktc99z'];['number', 'tips', 'sederhana', 'untuk', 'memulai', 'rutininas', 'olahraga', 'lari', 'corzocktc99z'];number tips sederhana untuk memulai rutininas olahraga lari corzocktc99z
4;4;mediaindonesia;Sebagai informasi, Mandatory Serum Infused Brightening Body Lotion dilengkapi dengan kandungan serum infused di setâ€¦ https://t.co/6mguLmErLB;0;sebagai informasi mandatory serum infused brightening body lotion dilengkapi dengan kandungan serum infused di set co6mgulmerlb;['sebagai', 'informasi', 'mandatory', 'serum', 'infused', 'brightening', 'body', 'lotion', 'dilengkapi', 'dengan', 'kandungan', 'serum', 'infused', 'di', 'set', 'co6mgulmerlb'];['sebagai', 'informasi', 'mandatory', 'serum', 'infused', 'brightening', 'body', 'lotion', 'dilengkapi', 'dengan', 'kandungan', 'serum', 'infused', 'di', 'set', 'co6mgulmerlb'];sebagai informasi mandatory serum infused brightening body lotion dilengkapi dengan kandungan serum infused di set co6mgulmerlb
5;5;mediaindonesia;RT @KementerianLHK: Sobat Hijau, Pemerintah Indonesia melalui Kementerian LHK, dan Inggris (UK) melalui the Foreign, Commonwealth and Develâ€¦;-1;rt user sobat hijau pemerintah indonesia melalui kementerian lhk dan inggris uk melalui the foreign commonwealth and devel;['rt', 'user', 'sobat', 'hijau', 'pemerintah', 'indonesia', 'melalui', 'kementerian', 'lhk', 'dan', 'inggris', 'uk', 'melalui', 'the', 'foreign', 'commonwealth', 'and', 'devel'];['rt', 'user', 'sobat', 'hijau', 'pemerintah', 'indonesia', 'melalui', 'kementerian', 'lhk', 'dan', 'inggris', 'uk', 'melalui', 'the', 'foreign', 'commonwealth', 'and', 'devel'];rt user sobat hijau pemerintah indonesia melalui kementerian lhk dan inggris uk melalui the foreign commonwealth and devel
6;6;JinkimJo;RT @mediaindonesia: Video musik The Astronaut menunjukkan pesona unik Jin sebagai artis solo, saat ia mengungkapkan cintanya kepada ARMY.Â â€¦;0;rt user video musik the astronaut menunjukkan pesona unik jin sebagai artis solo saat ia mengungkapkan cintanya kepada army;['rt', 'user', 'video', 'musik', 'the', 'astronaut', 'menunjukkan', 'pesona', 'unik', 'jin', 'sebagai', 'artis', 'solo', 'saat', 'ia', 'mengungkapkan', 'cintanya', 'kepada', 'army'];['rt', 'user', 'video', 'musik', 'the', 'astronaut', 'menunjukkan', 'pesona', 'unik', 'jin', 'sebagai', 'artis', 'solo', 'saat', 'ia', 'mengungkapkan', 'cintanya', 'kepada', 'army'];rt user video musik the astronaut menunjukkan pesona unik jin sebagai artis solo saat ia mengungkapkan cintanya kepada army
7;7;mediaindonesia;World Justice Project (WJP), organisasi yang bergerak untuk memajukan supremasi hukum, lewat penelitian bertajuk Ruâ€¦ https://t.co/2cPODuqfw4;0;world justice project wjp organisasi yang bergerak untuk memajukan supremasi hukum lewat penelitian bertajuk ru co2cpoduqfw4;['world', 'justice', 'project', 'wjp', 'organisasi', 'yang', 'bergerak', 'untuk', 'memajukan', 'supremasi', 'hukum', 'lewat', 'penelitian', 'bertajuk', 'ru', 'co2cpoduqfw4'];['world', 'justice', 'project', 'wjp', 'organisasi', 'yang', 'bergerak', 'untuk', 'memajukan', 'supremasi', 'hukum', 'lewat', 'penelitian', 'bertajuk', 'ru', 'co2cpoduqfw4'];world justice project wjp organisasi yang bergerak untuk memajukan supremasi hukum lewat penelitian bertajuk ru co2cpoduqfw4
8;8;cocoblogger;Redam Masalah Air, Srikandi Ganjar Bangun Sumur untuk Warga Desa Pengkol https://t.co/DM0o2UYDxv;0;redam masalah air srikandi ganjar bangun sumur untuk warga desa pengkol codm0o2uydxv;['redam', 'masalah', 'air', 'srikandi', 'ganjar', 'bangun', 'sumur', 'untuk', 'warga', 'desa', 'pengkol', 'codm0o2uydxv'];['redam', 'masalah', 'air', 'srikandi', 'ganjar', 'bangun', 'sumur', 'untuk', 'warga', 'desa', 'pengkol', 'codm0o2uydxv'];redam masalah air srikandi ganjar bangun sumur untuk warga desa pengkol codm0o2uydxv
9;9;kokokdirgantoro;RT @mediaindonesia: Ia menyerukan kepada para mahasiswa untuk menjadi kekuatan perubahan.   https://t.co/mXrKUEqViE;0;rt user ia menyerukan kepada para mahasiswa untuk menjadi kekuatan perubahan comxrkueqvie;['rt', 'user', 'ia', 'menyerukan', 'kepada', 'para', 'mahasiswa', 'untuk', 'menjadi', 'kekuatan', 'perubahan', 'comxrkueqvie'];['rt', 'user', 'ia', 'menyerukan', 'kepada', 'para', 'mahasiswa', 'untuk', 'menjadi', 'kekuatan', 'perubahan', 'comxrkueqvie'];rt user ia menyerukan kepada para mahasiswa untuk menjadi kekuatan perubahan comxrkueqvie
10;10;mediaindonesia;Wakil Ketua Majelis Syuro Partai Keadilan Sejahtera Ahmad Heryawan bertemu calon presiden (capres) dari Partai NasDâ€¦ https://t.co/GuuFZEDPbY;0;wakil ketua majelis syuro partai keadilan sejahtera ahmad heryawan bertemu calon presiden capres dari partai nasd coguufzedpby;['wakil', 'ketua', 'majelis', 'syuro', 'partai', 'keadilan', 'sejahtera', 'ahmad', 'heryawan', 'bertemu', 'calon', 'presiden', 'capres', 'dari', 'partai', 'nasd', 'coguufzedpby'];['wakil', 'ketua', 'majelis', 'syuro', 'partai', 'keadilan', 'sejahtera', 'ahmad', 'heryawan', 'bertemu', 'calon', 'presiden', 'capres', 'dari', 'partai', 'nasd', 'coguufzedpby'];wakil ketua majelis syuro partai keadilan sejahtera ahmad heryawan bertemu calon presiden capres dari partai nasd coguufzedpby
11;11;mediaindonesia;Ia menyerukan kepada para mahasiswa untuk menjadi kekuatan perubahan.   https://t.co/mXrKUEqViE;0;ia menyerukan kepada para mahasiswa untuk menjadi kekuatan perubahan comxrkueqvie;['ia', 'menyerukan', 'kepada', 'para', 'mahasiswa', 'untuk', 'menjadi', 'kekuatan', 'perubahan', 'comxrkueqvie'];['ia', 'menyerukan', 'kepada', 'para', 'mahasiswa', 'untuk', 'menjadi', 'kekuatan', 'perubahan', 'comxrkueqvie'];ia menyerukan kepada para mahasiswa untuk menjadi kekuatan perubahan comxrkueqvie
12;12;mediaindonesia;Wakil Ketua Majelis Syura Partai Keadilan Sejahtera (PKS) Ahmad Heryawan (Aher) mengatakan hubungan partainya dengaâ€¦ https://t.co/QEY3cnibcX;0;wakil ketua majelis syura partai keadilan sejahtera pks ahmad heryawan aher mengatakan hubungan partainya denga coqey3cnibcx;['wakil', 'ketua', 'majelis', 'syura', 'partai', 'keadilan', 'sejahtera', 'pks', 'ahmad', 'heryawan', 'aher', 'mengatakan', 'hubungan', 'partainya', 'denga', 'coqey3cnibcx'];['wakil', 'ketua', 'majelis', 'syura', 'partai', 'keadilan', 'sejahtera', 'pks', 'ahmad', 'heryawan', 'aher', 'mengatakan', 'hubungan', 'partainya', 'denga', 'coqey3cnibcx'];wakil ketua majelis syura partai keadilan sejahtera pks ahmad heryawan aher mengatakan hubungan partainya denga coqey3cnibcx
13;13;mediaindonesia;"Colekan dari PKS disampaikan melalui aneka pantun. Anies turut meresponsnya dengan pantun.

  https://t.co/JSfsV6J7CD";0;colekan dari pks disampaikan melalui aneka pantun anies turut meresponsnya dengan pantun cojsfsv6j7cd;['colekan', 'dari', 'pks', 'disampaikan', 'melalui', 'aneka', 'pantun', 'anies', 'turut', 'meresponsnya', 'dengan', 'pantun', 'cojsfsv6j7cd'];['colekan', 'dari', 'pks', 'disampaikan', 'melalui', 'aneka', 'pantun', 'anies', 'turut', 'meresponsnya', 'dengan', 'pantun', 'cojsfsv6j7cd'];colekan dari pks disampaikan melalui aneka pantun anies turut meresponsnya dengan pantun cojsfsv6j7cd
14;14;mediaindonesia;Orde Kolaborasi, Tata Baru Pasca-Pembelahan Politik  https://t.co/qK9rJyOZNb;0;orde kolaborasi tata baru pasca pembelahan politik coqk9rjyoznb;['orde', 'kolaborasi', 'tata', 'baru', 'pasca', 'pembelahan', 'politik', 'coqk9rjyoznb'];['orde', 'kolaborasi', 'tata', 'baru', 'pasca', 'pembelahan', 'politik', 'coqk9rjyoznb'];orde kolaborasi tata baru pasca pembelahan politik coqk9rjyoznb
15;15;Davefranz5;@penjaganyankri @NasDem @DivHumas_Polri @CCICPolri @Puspen_TNI @BNPTRI @jokowi @mohmahfudmd @prabowo @edo751945â€¦ https://t.co/h2pUGMCE84;0;user user user user user user user user user user coh2pugmce84;['user', 'user', 'user', 'user', 'user', 'user', 'user', 'user', 'user', 'user', 'coh2pugmce84'];['user', 'user', 'user', 'user', 'user', 'user', 'user', 'user', 'user', 'user', 'coh2pugmce84'];user user user user user user user user user user coh2pugmce84
16;16;_ekopri;"@aries_bintan @A3jati Referensi media @rmol_id ..?
Centang biru aja nggakâ€¦ğŸ¤£ğŸ˜‚ğŸ˜…

Ambil referensi itu yg agak â€œumumâ€ dâ€¦ https://t.co/Wt0DwKGgdF";0;user user referensi media user centang biru aja nggak ambil referensi itu yg agak umum cowt0dwkggdf;['user', 'user', 'referensi', 'media', 'user', 'centang', 'biru', 'aja', 'nggak', 'ambil', 'referensi', 'itu', 'yg', 'agak', 'umum', 'cowt0dwkggdf'];['user', 'user', 'referensi', 'media', 'user', 'centang', 'biru', 'aja', 'nggak', 'ambil', 'referensi', 'itu', 'yg', 'agak', 'umum', 'cowt0dwkggdf'];user user referensi media user centang biru aja nggak ambil referensi itu yg agak umum cowt0dwkggdf
17;17;eriemrn;RT @mediaindonesia: PresidenÂ Somalia Hassan Sheikh Mohamud mengatakan sedikitnya 100 orang tewas dan 300 terluka dalam dua ledakan bom mobiâ€¦;0;rt user presiden somalia hassan sheikh mohamud mengatakan sedikitnya number orang tewas dan number terluka dalam dua ledakan bom mobi;['rt', 'user', 'presiden', 'somalia', 'hassan', 'sheikh', 'mohamud', 'mengatakan', 'sedikitnya', 'number', 'orang', 'tewas', 'dan', 'number', 'terluka', 'dalam', 'dua', 'ledakan', 'bom', 'mobi'];['rt', 'user', 'presiden', 'somalia', 'hassan', 'sheikh', 'mohamud', 'mengatakan', 'sedikitnya', 'number', 'orang', 'tewas', 'dan', 'number', 'terluka', 'dalam', 'dua', 'ledakan', 'bom', 'mobi'];rt user presiden somalia hassan sheikh mohamud mengatakan sedikitnya number orang tewas dan number terluka dalam dua ledakan bom mobi
18;18;mediaindonesia;PresidenÂ Somalia Hassan Sheikh Mohamud mengatakan sedikitnya 100 orang tewas dan 300 terluka dalam dua ledakan bomâ€¦ https://t.co/Cc6VxEPMNH;0;presiden somalia hassan sheikh mohamud mengatakan sedikitnya number orang tewas dan number terluka dalam dua ledakan bom cocc6vxepmnh;['presiden', 'somalia', 'hassan', 'sheikh', 'mohamud', 'mengatakan', 'sedikitnya', 'number', 'orang', 'tewas', 'dan', 'number', 'terluka', 'dalam', 'dua', 'ledakan', 'bom', 'cocc6vxepmnh'];['presiden', 'somalia', 'hassan', 'sheikh', 'mohamud', 'mengatakan', 'sedikitnya', 'number', 'orang', 'tewas', 'dan', 'number', 'terluka', 'dalam', 'dua', 'ledakan', 'bom', 'cocc6vxepmnh'];presiden somalia hassan sheikh mohamud mengatakan sedikitnya number orang tewas dan number terluka dalam dua ledakan bom cocc6vxepmnh
19;19;XXX_SamURay63;@mediaindonesia Iyee,  contohnya situng kpu 1+1=11, ato pembobolan dan penjualan data2 pribadi tiap sebentar, bjorka merajalela;0;user iyee contohnya situng kpu number number number ato pembobolan dan penjualan data2 pribadi tiap sebentar bjorka merajalela;['user', 'iyee', 'contohnya', 'situng', 'kpu', 'number', 'number', 'number', 'ato', 'pembobolan', 'dan', 'penjualan', 'data2', 'pribadi', 'tiap', 'sebentar', 'bjorka', 'merajalela'];['user', 'iyee', 'contohnya', 'situng', 'kpu', 'number', 'number', 'number', 'ato', 'pembobolan', 'dan', 'penjualan', 'data2', 'pribadi', 'tiap', 'sebentar', 'bjorka', 'merajalela'];user iyee contohnya situng kpu number number number ato pembobolan dan penjualan data2 pribadi tiap sebentar bjorka merajalela
20;20;mediaindonesia;Guna mendukung kompetensi tenaga kerja konstruksi sekaligus sumber daya manusia (SDM) di bidang konstruksi, Nipponâ€¦ https://t.co/WlaIfcIrFy;0;guna mendukung kompetensi tenaga kerja konstruksi sekaligus sumber daya manusia sdm di bidang konstruksi nippon cowlaifcirfy;['guna', 'mendukung', 'kompetensi', 'tenaga', 'kerja', 'konstruksi', 'sekaligus', 'sumber', 'daya', 'manusia', 'sdm', 'di', 'bidang', 'konstruksi', 'nippon', 'cowlaifcirfy'];['guna', 'mendukung', 'kompetensi', 'tenaga', 'kerja', 'konstruksi', 'sekaligus', 'sumber', 'daya', 'manusia', 'sdm', 'di', 'bidang', 'konstruksi', 'nippon', 'cowlaifcirfy'];guna mendukung kompetensi tenaga kerja konstruksi sekaligus sumber daya manusia sdm di bidang konstruksi nippon cowlaifcirfy
21;21;mediaindonesia;Guna mendukung kompetensi tenaga kerja konstruksi sekaligus sumber daya manusia (SDM) di bidang konstruksi, Nipponâ€¦ https://t.co/izCyZIcD8s;0;guna mendukung kompetensi tenaga kerja konstruksi sekaligus sumber daya manusia sdm di bidang konstruksi nippon coizcyzicd8s;['guna', 'mendukung', 'kompetensi', 'tenaga', 'kerja', 'konstruksi', 'sekaligus', 'sumber', 'daya', 'manusia', 'sdm', 'di', 'bidang', 'konstruksi', 'nippon', 'coizcyzicd8s'];['guna', 'mendukung', 'kompetensi', 'tenaga', 'kerja', 'konstruksi', 'sekaligus', 'sumber', 'daya', 'manusia', 'sdm', 'di', 'bidang', 'konstruksi', 'nippon', 'coizcyzicd8s'];guna mendukung kompetensi tenaga kerja konstruksi sekaligus sumber daya manusia sdm di bidang konstruksi nippon coizcyzicd8s
22;22;mediaindonesia;Relawan Puan Sebar Ratusan Paket Sembako untuk Masyarakat Banten  https://t.co/0QRXhT6Kz3;0;relawan puan sebar ratusan paket sembako untuk masyarakat banten co0qrxht6kz3;['relawan', 'puan', 'sebar', 'ratusan', 'paket', 'sembako', 'untuk', 'masyarakat', 'banten', 'co0qrxht6kz3'];['relawan', 'puan', 'sebar', 'ratusan', 'paket', 'sembako', 'untuk', 'masyarakat', 'banten', 'co0qrxht6kz3'];relawan puan sebar ratusan paket sembako untuk masyarakat banten co0qrxht6kz3
23;23;mediaindonesia;Sementara, Menhub Budi Karya mengatakan, pemerintah akan memfasilitasi berbagai infrastruktur kendaraan listrik  https://t.co/3jH0O0MXIr;0;sementara menhub budi karya mengatakan pemerintah akan memfasilitasi berbagai infrastruktur kendaraan listrik co3jh0o0mxir;['sementara', 'menhub', 'budi', 'karya', 'mengatakan', 'pemerintah', 'akan', 'memfasilitasi', 'berbagai', 'infrastruktur', 'kendaraan', 'listrik', 'co3jh0o0mxir'];['sementara', 'menhub', 'budi', 'karya', 'mengatakan', 'pemerintah', 'akan', 'memfasilitasi', 'berbagai', 'infrastruktur', 'kendaraan', 'listrik', 'co3jh0o0mxir'];sementara menhub budi karya mengatakan pemerintah akan memfasilitasi berbagai infrastruktur kendaraan listrik co3jh0o0mxir
24;24;mediaindonesia;Martono optimistis langkah Jokowi menggenjot percepatan digitalisasi di Tanah Air berdampak pada kemajuan menuju Inâ€¦ https://t.co/Lpnt8eWazE;0;martono optimistis langkah jokowi menggenjot percepatan digitalisasi di tanah air berdampak pada kemajuan menuju in colpnt8ewaze;['martono', 'optimistis', 'langkah', 'jokowi', 'menggenjot', 'percepatan', 'digitalisasi', 'di', 'tanah', 'air', 'berdampak', 'pada', 'kemajuan', 'menuju', 'in', 'colpnt8ewaze'];['martono', 'optimistis', 'langkah', 'jokowi', 'menggenjot', 'percepatan', 'digitalisasi', 'di', 'tanah', 'air', 'berdampak', 'pada', 'kemajuan', 'menuju', 'in', 'colpnt8ewaze'];martono optimistis langkah jokowi menggenjot percepatan digitalisasi di tanah air berdampak pada kemajuan menuju in colpnt8ewaze
25;25;mediaindonesia;RATUSAN angkutan kota (angkot) di Kota Depok, Jawa Barat dalam tiga tahun terakhir menunggak pajak. Total tunggakanâ€¦ https://t.co/aT27Z40OIB;0;ratusan angkutan kota angkot di kota depok jawa barat dalam tiga tahun terakhir menunggak pajak total tunggakan coat27z40oib;['ratusan', 'angkutan', 'kota', 'angkot', 'di', 'kota', 'depok', 'jawa', 'barat', 'dalam', 'tiga', 'tahun', 'terakhir', 'menunggak', 'pajak', 'total', 'tunggakan', 'coat27z40oib'];['ratusan', 'angkutan', 'kota', 'angkot', 'di', 'kota', 'depok', 'jawa', 'barat', 'dalam', 'tiga', 'tahun', 'terakhir', 'menunggak', 'pajak', 'total', 'tunggakan', 'coat27z40oib'];ratusan angkutan kota angkot di kota depok jawa barat dalam tiga tahun terakhir menunggak pajak total tunggakan coat27z40oib
26;26;MdFarel;@mediaindonesia Bisa kali dibantu breakdown rinciannya;0;user bisa kali dibantu breakdown rinciannya;['user', 'bisa', 'kali', 'dibantu', 'breakdown', 'rinciannya'];['user', 'bisa', 'kali', 'dibantu', 'breakdown', 'rinciannya'];user bisa kali dibantu breakdown rinciannya
27;27;WibuAbdiNegoro;RT @bagiwang: Ada banyak PBJ yang akhirnya tertahan karena kena AA, begitu mendekati akhir tahun ternyata banyak sisa. PBJ gak bisa jalan,â€¦;0;rt user ada banyak pbj yang akhirnya tertahan karena kena aa begitu mendekati akhir tahun ternyata banyak sisa pbj gak bisa jalan;['rt', 'user', 'ada', 'banyak', 'pbj', 'yang', 'akhirnya', 'tertahan', 'karena', 'kena', 'aa', 'begitu', 'mendekati', 'akhir', 'tahun', 'ternyata', 'banyak', 'sisa', 'pbj', 'gak', 'bisa', 'jalan'];['rt', 'user', 'ada', 'banyak', 'pbj', 'yang', 'akhirnya', 'tertahan', 'karena', 'kena', 'aa', 'begitu', 'mendekati', 'akhir', 'tahun', 'ternyata', 'banyak', 'sisa', 'pbj', 'gak', 'bisa', 'jalan'];rt user ada banyak pbj yang akhirnya tertahan karena kena aa begitu mendekati akhir tahun ternyata banyak sisa pbj gak bisa jalan
28;28;mediaindonesia;Pembalap Formula 1 (F1) Max Verstappen sukses merebut pole position Grand Prix (GP) Meksiko, setelah mengalahkan duâ€¦ https://t.co/0HoPWuzneD;1;pembalap formula number f1 max verstappen sukses merebut pole position grand prix gp meksiko setelah mengalahkan du co0hopwuzned;['pembalap', 'formula', 'number', 'f1', 'max', 'verstappen', 'sukses', 'merebut', 'pole', 'position', 'grand', 'prix', 'gp', 'meksiko', 'setelah', 'mengalahkan', 'du', 'co0hopwuzned'];['pembalap', 'formula', 'number', 'f1', 'max', 'verstappen', 'sukses', 'merebut', 'pole', 'position', 'grand', 'prix', 'gp', 'meksiko', 'setelah', 'mengalahkan', 'du', 'co0hopwuzned'];pembalap formula number f1 max verstappen sukses merebut pole position grand prix gp meksiko setelah mengalahkan du co0hopwuzned
29;29;mediaindonesia;Petenis putri nomor satu dunia Iga Swiatek berkeinginan menutup musim 2022 dengan mahkota juara WTA Finals. Di manaâ€¦ https://t.co/elcYLNIUGT;0;petenis putri nomor satu dunia iga swiatek berkeinginan menutup musim number dengan mahkota juara wta finals di mana coelcylniugt;['petenis', 'putri', 'nomor', 'satu', 'dunia', 'iga', 'swiatek', 'berkeinginan', 'menutup', 'musim', 'number', 'dengan', 'mahkota', 'juara', 'wta', 'finals', 'di', 'mana', 'coelcylniugt'];['petenis', 'putri', 'nomor', 'satu', 'dunia', 'iga', 'swiatek', 'berkeinginan', 'menutup', 'musim', 'number', 'dengan', 'mahkota', 'juara', 'wta', 'finals', 'di', 'mana', 'coelcylniugt'];petenis putri nomor satu dunia iga swiatek berkeinginan menutup musim number dengan mahkota juara wta finals di mana coelcylniugt
30;30;mediaindonesia;Luhut Binsar Pandjaitan yakin ekonomi Indonesia akan bertahan terhadap ketidakpastian ekonomi global dengan meningkâ€¦ https://t.co/ozX4iAC11i;0;luhut binsar pandjaitan yakin ekonomi indonesia akan bertahan terhadap ketidakpastian ekonomi global dengan meningk coozx4iac11i;['luhut', 'binsar', 'pandjaitan', 'yakin', 'ekonomi', 'indonesia', 'akan', 'bertahan', 'terhadap', 'ketidakpastian', 'ekonomi', 'global', 'dengan', 'meningk', 'coozx4iac11i'];['luhut', 'binsar', 'pandjaitan', 'yakin', 'ekonomi', 'indonesia', 'akan', 'bertahan', 'terhadap', 'ketidakpastian', 'ekonomi', 'global', 'dengan', 'meningk', 'coozx4iac11i'];luhut binsar pandjaitan yakin ekonomi indonesia akan bertahan terhadap ketidakpastian ekonomi global dengan meningk coozx4iac11i
31;31;AdeIqbal17;Perbanyak literasi lah, sulit kalau ingin jadi anggota parlemen sementara pengetahuan sejarahnya minim begitu.â€¦ https://t.co/bpxWc1TSWN;0;perbanyak literasi lah sulit kalau ingin jadi anggota parlemen sementara pengetahuan sejarahnya minim begitu cobpxwc1tswn;['perbanyak', 'literasi', 'lah', 'sulit', 'kalau', 'ingin', 'jadi', 'anggota', 'parlemen', 'sementara', 'pengetahuan', 'sejarahnya', 'minim', 'begitu', 'cobpxwc1tswn'];['perbanyak', 'literasi', 'lah', 'sulit', 'kalau', 'ingin', 'jadi', 'anggota', 'parlemen', 'sementara', 'pengetahuan', 'sejarahnya', 'minim', 'begitu', 'cobpxwc1tswn'];perbanyak literasi lah sulit kalau ingin jadi anggota parlemen sementara pengetahuan sejarahnya minim begitu cobpxwc1tswn
32;32;mediaindonesia;Ondoafi dari Suku Tibo ini mengungkapkan kegembiraannya atas kemajuan sikap Lukas sehingga sangkaan korupsi yang meâ€¦ https://t.co/L7KnVSUQzJ;0;ondoafi dari suku tibo ini mengungkapkan kegembiraannya atas kemajuan sikap lukas sehingga sangkaan korupsi yang me col7knvsuqzj;['ondoafi', 'dari', 'suku', 'tibo', 'ini', 'mengungkapkan', 'kegembiraannya', 'atas', 'kemajuan', 'sikap', 'lukas', 'sehingga', 'sangkaan', 'korupsi', 'yang', 'me', 'col7knvsuqzj'];['ondoafi', 'dari', 'suku', 'tibo', 'ini', 'mengungkapkan', 'kegembiraannya', 'atas', 'kemajuan', 'sikap', 'lukas', 'sehingga', 'sangkaan', 'korupsi', 'yang', 'me', 'col7knvsuqzj'];ondoafi dari suku tibo ini mengungkapkan kegembiraannya atas kemajuan sikap lukas sehingga sangkaan korupsi yang me col7knvsuqzj
33;33;mediaindonesia;â€œTingginya jumlah peserta dalam kompetisi bidang khusus ini mewakili keberhasilan upaya Daikin dalam mempromosikanâ€¦ https://t.co/Iu9jWJxr6h;0;tingginya jumlah peserta dalam kompetisi bidang khusus ini mewakili keberhasilan upaya daikin dalam mempromosikan coiu9jwjxr6h;['tingginya', 'jumlah', 'peserta', 'dalam', 'kompetisi', 'bidang', 'khusus', 'ini', 'mewakili', 'keberhasilan', 'upaya', 'daikin', 'dalam', 'mempromosikan', 'coiu9jwjxr6h'];['tingginya', 'jumlah', 'peserta', 'dalam', 'kompetisi', 'bidang', 'khusus', 'ini', 'mewakili', 'keberhasilan', 'upaya', 'daikin', 'dalam', 'mempromosikan', 'coiu9jwjxr6h'];tingginya jumlah peserta dalam kompetisi bidang khusus ini mewakili keberhasilan upaya daikin dalam mempromosikan coiu9jwjxr6h
34;34;mediaindonesia;Telkomsel melalui platform video MAXstream kembali menghadirkan konten video on demand service berjudul Healing telâ€¦ https://t.co/mwZ6Ap8m5C;0;telkomsel melalui platform video maxstream kembali menghadirkan konten video on demand service berjudul healing tel comwz6ap8m5c;['telkomsel', 'melalui', 'platform', 'video', 'maxstream', 'kembali', 'menghadirkan', 'konten', 'video', 'on', 'demand', 'service', 'berjudul', 'healing', 'tel', 'comwz6ap8m5c'];['telkomsel', 'melalui', 'platform', 'video', 'maxstream', 'kembali', 'menghadirkan', 'konten', 'video', 'on', 'demand', 'service', 'berjudul', 'healing', 'tel', 'comwz6ap8m5c'];telkomsel melalui platform video maxstream kembali menghadirkan konten video on demand service berjudul healing tel comwz6ap8m5c
35;35;mediaindonesia;Sehubungan dengan kejadian yang menimpa turis lokal dan mancanegara di Itaewon, Seoul, pada malam Halloween atau Saâ€¦ https://t.co/wA9H33vYID;0;sehubungan dengan kejadian yang menimpa turis lokal dan mancanegara di itaewon seoul pada malam halloween atau sa cowa9h33vyid;['sehubungan', 'dengan', 'kejadian', 'yang', 'menimpa', 'turis', 'lokal', 'dan', 'mancanegara', 'di', 'itaewon', 'seoul', 'pada', 'malam', 'halloween', 'atau', 'sa', 'cowa9h33vyid'];['sehubungan', 'dengan', 'kejadian', 'yang', 'menimpa', 'turis', 'lokal', 'dan', 'mancanegara', 'di', 'itaewon', 'seoul', 'pada', 'malam', 'halloween', 'atau', 'sa', 'cowa9h33vyid'];sehubungan dengan kejadian yang menimpa turis lokal dan mancanegara di itaewon seoul pada malam halloween atau sa cowa9h33vyid
36;36;gnijnasional;RT @mediaindonesia: Dalam survei yang melibatkan 1.200 responden itu, Ridwan Kamil paling banyak dipilih karena dinilai sebagai pribadi sedâ€¦;0;rt user dalam survei yang melibatkan number responden itu ridwan kamil paling banyak dipilih karena dinilai sebagai pribadi sed;['rt', 'user', 'dalam', 'survei', 'yang', 'melibatkan', 'number', 'responden', 'itu', 'ridwan', 'kamil', 'paling', 'banyak', 'dipilih', 'karena', 'dinilai', 'sebagai', 'pribadi', 'sed'];['rt', 'user', 'dalam', 'survei', 'yang', 'melibatkan', 'number', 'responden', 'itu', 'ridwan', 'kamil', 'paling', 'banyak', 'dipilih', 'karena', 'dinilai', 'sebagai', 'pribadi', 'sed'];rt user dalam survei yang melibatkan number responden itu ridwan kamil paling banyak dipilih karena dinilai sebagai pribadi sed
37;37;CucupSupriyadi;RT @mediaindonesia: Dalam survei yang melibatkan 1.200 responden itu, Ridwan Kamil paling banyak dipilih karena dinilai sebagai pribadi sedâ€¦;0;rt user dalam survei yang melibatkan number responden itu ridwan kamil paling banyak dipilih karena dinilai sebagai pribadi sed;['rt', 'user', 'dalam', 'survei', 'yang', 'melibatkan', 'number', 'responden', 'itu', 'ridwan', 'kamil', 'paling', 'banyak', 'dipilih', 'karena', 'dinilai', 'sebagai', 'pribadi', 'sed'];['rt', 'user', 'dalam', 'survei', 'yang', 'melibatkan', 'number', 'responden', 'itu', 'ridwan', 'kamil', 'paling', 'banyak', 'dipilih', 'karena', 'dinilai', 'sebagai', 'pribadi', 'sed'];rt user dalam survei yang melibatkan number responden itu ridwan kamil paling banyak dipilih karena dinilai sebagai pribadi sed
38;38;mediaindonesia;Kementerian Pendidikan Kebudayaan Riset dan Teknologi (Kemendikbudristek) RI telah menetapkan tujuh budaya tak bendâ€¦ https://t.co/2DP9LludHe;0;kementerian pendidikan kebudayaan riset dan teknologi kemendikbudristek ri telah menetapkan tujuh budaya tak bend co2dp9lludhe;['kementerian', 'pendidikan', 'kebudayaan', 'riset', 'dan', 'teknologi', 'kemendikbudristek', 'ri', 'telah', 'menetapkan', 'tujuh', 'budaya', 'tak', 'bend', 'co2dp9lludhe'];['kementerian', 'pendidikan', 'kebudayaan', 'riset', 'dan', 'teknologi', 'kemendikbudristek', 'ri', 'telah', 'menetapkan', 'tujuh', 'budaya', 'tak', 'bend', 'co2dp9lludhe'];kementerian pendidikan kebudayaan riset dan teknologi kemendikbudristek ri telah menetapkan tujuh budaya tak bend co2dp9lludhe
39;39;AryaSap24;RT @mediaindonesia: Dalam survei yang melibatkan 1.200 responden itu, Ridwan Kamil paling banyak dipilih karena dinilai sebagai pribadi sedâ€¦;0;rt user dalam survei yang melibatkan number responden itu ridwan kamil paling banyak dipilih karena dinilai sebagai pribadi sed;['rt', 'user', 'dalam', 'survei', 'yang', 'melibatkan', 'number', 'responden', 'itu', 'ridwan', 'kamil', 'paling', 'banyak', 'dipilih', 'karena', 'dinilai', 'sebagai', 'pribadi', 'sed'];['rt', 'user', 'dalam', 'survei', 'yang', 'melibatkan', 'number', 'responden', 'itu', 'ridwan', 'kamil', 'paling', 'banyak', 'dipilih', 'karena', 'dinilai', 'sebagai', 'pribadi', 'sed'];rt user dalam survei yang melibatkan number responden itu ridwan kamil paling banyak dipilih karena dinilai sebagai pribadi sed
40;40;mediaindonesia;Perundingan Batas ZEE dengan Vietnam Dipertanyakan Pengamat Maritim  https://t.co/XLHMUWzChn;0;perundingan batas zee dengan vietnam dipertanyakan pengamat maritim coxlhmuwzchn;['perundingan', 'batas', 'zee', 'dengan', 'vietnam', 'dipertanyakan', 'pengamat', 'maritim', 'coxlhmuwzchn'];['perundingan', 'batas', 'zee', 'dengan', 'vietnam', 'dipertanyakan', 'pengamat', 'maritim', 'coxlhmuwzchn'];perundingan batas zee dengan vietnam dipertanyakan pengamat maritim coxlhmuwzchn
41;41;El_Haqka;@mediaindonesia UMKM meronta-ronta karena daya beli masyarakat lemah. Ternyata karena duitnya disimpen ga dibelanjakan.;0;user umkm meronta ronta karena daya beli masyarakat lemah ternyata karena duitnya disimpen ga dibelanjakan;['user', 'umkm', 'meronta', 'ronta', 'karena', 'daya', 'beli', 'masyarakat', 'lemah', 'ternyata', 'karena', 'duitnya', 'disimpen', 'ga', 'dibelanjakan'];['user', 'umkm', 'meronta', 'ronta', 'karena', 'daya', 'beli', 'masyarakat', 'lemah', 'ternyata', 'karena', 'duitnya', 'disimpen', 'ga', 'dibelanjakan'];user umkm meronta ronta karena daya beli masyarakat lemah ternyata karena duitnya disimpen ga dibelanjakan
42;42;mediaindonesia;Menurutnya, anggota atau pengurus AMAN yang merupakan anakÂ adatÂ dari berbagai wilayahÂ adatÂ di Indonesia, tidak layaâ€¦ https://t.co/PHyZy1YJKN;0;menurutnya anggota atau pengurus aman yang merupakan anak adat dari berbagai wilayah adat di indonesia tidak laya cophyzy1yjkn;['menurutnya', 'anggota', 'atau', 'pengurus', 'aman', 'yang', 'merupakan', 'anak', 'adat', 'dari', 'berbagai', 'wilayah', 'adat', 'di', 'indonesia', 'tidak', 'laya', 'cophyzy1yjkn'];['menurutnya', 'anggota', 'atau', 'pengurus', 'aman', 'yang', 'merupakan', 'anak', 'adat', 'dari', 'berbagai', 'wilayah', 'adat', 'di', 'indonesia', 'tidak', 'laya', 'cophyzy1yjkn'];menurutnya anggota atau pengurus aman yang merupakan anak adat dari berbagai wilayah adat di indonesia tidak laya cophyzy1yjkn
43;43;Wisesa2024;RT @mediaindonesia: Dalam survei yang melibatkan 1.200 responden itu, Ridwan Kamil paling banyak dipilih karena dinilai sebagai pribadi sedâ€¦;0;rt user dalam survei yang melibatkan number responden itu ridwan kamil paling banyak dipilih karena dinilai sebagai pribadi sed;['rt', 'user', 'dalam', 'survei', 'yang', 'melibatkan', 'number', 'responden', 'itu', 'ridwan', 'kamil', 'paling', 'banyak', 'dipilih', 'karena', 'dinilai', 'sebagai', 'pribadi', 'sed'];['rt', 'user', 'dalam', 'survei', 'yang', 'melibatkan', 'number', 'responden', 'itu', 'ridwan', 'kamil', 'paling', 'banyak', 'dipilih', 'karena', 'dinilai', 'sebagai', 'pribadi', 'sed'];rt user dalam survei yang melibatkan number responden itu ridwan kamil paling banyak dipilih karena dinilai sebagai pribadi sed
44;44;mediaindonesia;KKP optimistis mampu memenuhi target produksi udang nasional sebanyak 2 juta ton pada tahun 2024 dan memicu bangkitâ€¦ https://t.co/tTgC67n0ym;0;kkp optimistis mampu memenuhi target produksi udang nasional sebanyak number juta ton pada tahun number dan memicu bangkit cottgc67n0ym;['kkp', 'optimistis', 'mampu', 'memenuhi', 'target', 'produksi', 'udang', 'nasional', 'sebanyak', 'number', 'juta', 'ton', 'pada', 'tahun', 'number', 'dan', 'memicu', 'bangkit', 'cottgc67n0ym'];['kkp', 'optimistis', 'mampu', 'memenuhi', 'target', 'produksi', 'udang', 'nasional', 'sebanyak', 'number', 'juta', 'ton', 'pada', 'tahun', 'number', 'dan', 'memicu', 'bangkit', 'cottgc67n0ym'];kkp optimistis mampu memenuhi target produksi udang nasional sebanyak number juta ton pada tahun number dan memicu bangkit cottgc67n0ym
45;45;mediaindonesia;Otoritas Jasa Keuangan (OJK) mengumumkan hasil Survei Nasional Literasi dan Inklusi Keuangan (SNLIK) 2022 menunjukkâ€¦ https://t.co/m4x9iz5C1b;0;otoritas jasa keuangan ojk mengumumkan hasil survei nasional literasi dan inklusi keuangan snlik number menunjukk com4x9iz5c1b;['otoritas', 'jasa', 'keuangan', 'ojk', 'mengumumkan', 'hasil', 'survei', 'nasional', 'literasi', 'dan', 'inklusi', 'keuangan', 'snlik', 'number', 'menunjukk', 'com4x9iz5c1b'];['otoritas', 'jasa', 'keuangan', 'ojk', 'mengumumkan', 'hasil', 'survei', 'nasional', 'literasi', 'dan', 'inklusi', 'keuangan', 'snlik', 'number', 'menunjukk', 'com4x9iz5c1b'];otoritas jasa keuangan ojk mengumumkan hasil survei nasional literasi dan inklusi keuangan snlik number menunjukk com4x9iz5c1b
46;46;mediaindonesia;Di tahun ini, BP Batam mengangkat tema â€œ51 tahun BP Batam, Terus Berkaryaâ€ sebagai penyulut semangat dalam lika-likâ€¦ https://t.co/czSqkskyAk;0;di tahun ini bp batam mengangkat tema number tahun bp batam terus berkarya sebagai penyulut semangat dalam lika lik coczsqkskyak;['di', 'tahun', 'ini', 'bp', 'batam', 'mengangkat', 'tema', 'number', 'tahun', 'bp', 'batam', 'terus', 'berkarya', 'sebagai', 'penyulut', 'semangat', 'dalam', 'lika', 'lik', 'coczsqkskyak'];['di', 'tahun', 'ini', 'bp', 'batam', 'mengangkat', 'tema', 'number', 'tahun', 'bp', 'batam', 'terus', 'berkarya', 'sebagai', 'penyulut', 'semangat', 'dalam', 'lika', 'lik', 'coczsqkskyak'];di tahun ini bp batam mengangkat tema number tahun bp batam terus berkarya sebagai penyulut semangat dalam lika lik coczsqkskyak
47;47;daduk01;@mediaindonesia @bintangemon Bisa di bayaran ke utang gk buk, kasihan pemimpin setelah ini, pusing mikirin utang yg kaga dia bikin;0;user user bisa di bayaran ke utang gk buk kasihan pemimpin setelah ini pusing mikirin utang yg kaga dia bikin;['user', 'user', 'bisa', 'di', 'bayaran', 'ke', 'utang', 'gk', 'buk', 'kasihan', 'pemimpin', 'setelah', 'ini', 'pusing', 'mikirin', 'utang', 'yg', 'kaga', 'dia', 'bikin'];['user', 'user', 'bisa', 'di', 'bayaran', 'ke', 'utang', 'gk', 'buk', 'kasihan', 'pemimpin', 'setelah', 'ini', 'pusing', 'mikirin', 'utang', 'yg', 'kaga', 'dia', 'bikin'];user user bisa di bayaran ke utang gk buk kasihan pemimpin setelah ini pusing mikirin utang yg kaga dia bikin
48;48;kuntoadji;Ikut serta secara aktif atasi krisis Dan resesi nasional .menjaga fiskal Dan moneter dengan seimbang https://t.co/Sexbt2PMLU;0;ikut serta secara aktif atasi krisis dan resesi nasional menjaga fiskal dan moneter dengan seimbang cosexbt time lu;['ikut', 'serta', 'secara', 'aktif', 'atasi', 'krisis', 'dan', 'resesi', 'nasional', 'menjaga', 'fiskal', 'dan', 'moneter', 'dengan', 'seimbang', 'cosexbt', 'time', 'lu'];['ikut', 'serta', 'secara', 'aktif', 'atasi', 'krisis', 'dan', 'resesi', 'nasional', 'menjaga', 'fiskal', 'dan', 'moneter', 'dengan', 'seimbang', 'cosexbt', 'time', 'lu'];ikut serta secara aktif atasi krisis dan resesi nasional menjaga fiskal dan moneter dengan seimbang cosexbt time lu
49;49;mediaindonesia;Wakil Kepala Polri Komisaris Jenderal Polisi Gatot Eddy Pramono mengatakan aparat kepolisian siap melakukan pengamaâ€¦ https://t.co/tPiGazpOTW;0;wakil kepala polri komisaris jenderal polisi gatot eddy pramono mengatakan aparat kepolisian siap melakukan pengama cotpigazpotw;['wakil', 'kepala', 'polri', 'komisaris', 'jenderal', 'polisi', 'gatot', 'eddy', 'pramono', 'mengatakan', 'aparat', 'kepolisian', 'siap', 'melakukan', 'pengama', 'cotpigazpotw'];['wakil', 'kepala', 'polri', 'komisaris', 'jenderal', 'polisi', 'gatot', 'eddy', 'pramono', 'mengatakan', 'aparat', 'kepolisian', 'siap', 'melakukan', 'pengama', 'cotpigazpotw'];wakil kepala polri komisaris jenderal polisi gatot eddy pramono mengatakan aparat kepolisian siap melakukan pengama cotpigazpotw
50;50;mediaindonesia;Menteri Koperasi dan UKM Teten Masduki meresmikan Pos Bloc di Kota Medan, Sumatra Utara.   https://t.co/D73tzwr07q;0;menteri koperasi dan ukm teten masduki meresmikan pos bloc di kota medan sumatra utara cod73tzwr07q;['menteri', 'koperasi', 'dan', 'ukm', 'teten', 'masduki', 'meresmikan', 'pos', 'bloc', 'di', 'kota', 'medan', 'sumatra', 'utara', 'cod73tzwr07q'];['menteri', 'koperasi', 'dan', 'ukm', 'teten', 'masduki', 'meresmikan', 'pos', 'bloc', 'di', 'kota', 'medan', 'sumatra', 'utara', 'cod73tzwr07q'];menteri koperasi dan ukm teten masduki meresmikan pos bloc di kota medan sumatra utara cod73tzwr07q
51;51;mediaindonesia;Masih mengusung nilai-nilai dari â€œFDR Riding Culture,â€ yaitu Safe, Care dan Respect, rangkaian kegiatan FDR Day jugâ€¦ https://t.co/rW7BeURCQR;1;masih mengusung nilai nilai dari fdr riding culture yaitu safe care dan respect rangkaian kegiatan fdr day jug corw7beurcqr;['masih', 'mengusung', 'nilai', 'nilai', 'dari', 'fdr', 'riding', 'culture', 'yaitu', 'safe', 'care', 'dan', 'respect', 'rangkaian', 'kegiatan', 'fdr', 'day', 'jug', 'corw7beurcqr'];['masih', 'mengusung', 'nilai', 'nilai', 'dari', 'fdr', 'riding', 'culture', 'yaitu', 'safe', 'care', 'dan', 'respect', 'rangkaian', 'kegiatan', 'fdr', 'day', 'jug', 'corw7beurcqr'];masih mengusung nilai nilai dari fdr riding culture yaitu safe care dan respect rangkaian kegiatan fdr day jug corw7beurcqr
52;52;mediaindonesia;RATUSAN para pencari kerja terlihat duduk menunggu giliran antiran wawancara kerja untuk industri pernikahan yang dâ€¦ https://t.co/r96vILS2PQ;0;ratusan para pencari kerja terlihat duduk menunggu giliran antiran wawancara kerja untuk industri pernikahan yang cor96vils2pq;['ratusan', 'para', 'pencari', 'kerja', 'terlihat', 'duduk', 'menunggu', 'giliran', 'antiran', 'wawancara', 'kerja', 'untuk', 'industri', 'pernikahan', 'yang', 'cor96vils2pq'];['ratusan', 'para', 'pencari', 'kerja', 'terlihat', 'duduk', 'menunggu', 'giliran', 'antiran', 'wawancara', 'kerja', 'untuk', 'industri', 'pernikahan', 'yang', 'cor96vils2pq'];ratusan para pencari kerja terlihat duduk menunggu giliran antiran wawancara kerja untuk industri pernikahan yang cor96vils2pq
53;53;suprayoga123;@penjaganyankri @NasDem @DivHumas_Polri @CCICPolri @Puspen_TNI @BNPTRI @jokowi @mohmahfudmd @prabowo @edo751945â€¦ https://t.co/v7Nt8r4a5C;0;user user user user user user user user user user cov7nt8r4a5c;['user', 'user', 'user', 'user', 'user', 'user', 'user', 'user', 'user', 'user', 'cov7nt8r4a5c'];['user', 'user', 'user', 'user', 'user', 'user', 'user', 'user', 'user', 'user', 'cov7nt8r4a5c'];user user user user user user user user user user cov7nt8r4a5c
54;54;agus_abdulah;RT @mediaindonesia: â€œASDP, Pelni (Pelayaran Nasional Indonesia) dan Pelindo (Pelabuhan Indonesia) ini kita dorong untuk bersinergi membantuâ€¦;0;rt user asdp pelni pelayaran nasional indonesia dan pelindo pelabuhan indonesia ini kita dorong untuk bersinergi membantu;['rt', 'user', 'asdp', 'pelni', 'pelayaran', 'nasional', 'indonesia', 'dan', 'pelindo', 'pelabuhan', 'indonesia', 'ini', 'kita', 'dorong', 'untuk', 'bersinergi', 'membantu'];['rt', 'user', 'asdp', 'pelni', 'pelayaran', 'nasional', 'indonesia', 'dan', 'pelindo', 'pelabuhan', 'indonesia', 'ini', 'kita', 'dorong', 'untuk', 'bersinergi', 'membantu'];rt user asdp pelni pelayaran nasional indonesia dan pelindo pelabuhan indonesia ini kita dorong untuk bersinergi membantu
55;55;mediaindonesia;Jenama Starbucks akan menyajikan minuman, makanan, dan koleksi merchandise khas untuk merayakan dan menikmati suasaâ€¦ https://t.co/vwFVjQTVl1;0;jenama starbucks akan menyajikan minuman makanan dan koleksi merchandise khas untuk merayakan dan menikmati suasa covwfvjqtvl1;['jenama', 'starbucks', 'akan', 'menyajikan', 'minuman', 'makanan', 'dan', 'koleksi', 'merchandise', 'khas', 'untuk', 'merayakan', 'dan', 'menikmati', 'suasa', 'covwfvjqtvl1'];['jenama', 'starbucks', 'akan', 'menyajikan', 'minuman', 'makanan', 'dan', 'koleksi', 'merchandise', 'khas', 'untuk', 'merayakan', 'dan', 'menikmati', 'suasa', 'covwfvjqtvl1'];jenama starbucks akan menyajikan minuman makanan dan koleksi merchandise khas untuk merayakan dan menikmati suasa covwfvjqtvl1
56;56;mediaindonesia;â€œASDP, Pelni (Pelayaran Nasional Indonesia) dan Pelindo (Pelabuhan Indonesia) ini kita dorong untuk bersinergi membâ€¦ https://t.co/4QKxcQBC2m;0;asdp pelni pelayaran nasional indonesia dan pelindo pelabuhan indonesia ini kita dorong untuk bersinergi memb co4qkxcqbc2m;['asdp', 'pelni', 'pelayaran', 'nasional', 'indonesia', 'dan', 'pelindo', 'pelabuhan', 'indonesia', 'ini', 'kita', 'dorong', 'untuk', 'bersinergi', 'memb', 'co4qkxcqbc2m'];['asdp', 'pelni', 'pelayaran', 'nasional', 'indonesia', 'dan', 'pelindo', 'pelabuhan', 'indonesia', 'ini', 'kita', 'dorong', 'untuk', 'bersinergi', 'memb', 'co4qkxcqbc2m'];asdp pelni pelayaran nasional indonesia dan pelindo pelabuhan indonesia ini kita dorong untuk bersinergi memb co4qkxcqbc2m
57;57;geletea;RT @mediaindonesia: Kedutaan Besar Republik Indonesia (KBRI) Seoul mengatakan bahwa tidak ada warga negara Indonesia (WNI) yang menjadi korâ€¦;0;rt user kedutaan besar republik indonesia kbri seoul mengatakan bahwa tidak ada warga negara indonesia wni yang menjadi kor;['rt', 'user', 'kedutaan', 'besar', 'republik', 'indonesia', 'kbri', 'seoul', 'mengatakan', 'bahwa', 'tidak', 'ada', 'warga', 'negara', 'indonesia', 'wni', 'yang', 'menjadi', 'kor'];['rt', 'user', 'kedutaan', 'besar', 'republik', 'indonesia', 'kbri', 'seoul', 'mengatakan', 'bahwa', 'tidak', 'ada', 'warga', 'negara', 'indonesia', 'wni', 'yang', 'menjadi', 'kor'];rt user kedutaan besar republik indonesia kbri seoul mengatakan bahwa tidak ada warga negara indonesia wni yang menjadi kor
58;58;Ireng87132114;@penjaganyankri @Paltiwest @NasDem @DivHumas_Polri @CCICPolri @Puspen_TNI @BNPTRI @jokowi @mohmahfudmd @prabowoâ€¦ https://t.co/YN5bpHKAso;0;user user user user user user user user user user coyn5bphkaso;['user', 'user', 'user', 'user', 'user', 'user', 'user', 'user', 'user', 'user', 'coyn5bphkaso'];['user', 'user', 'user', 'user', 'user', 'user', 'user', 'user', 'user', 'user', 'coyn5bphkaso'];user user user user user user user user user user coyn5bphkaso
59;59;mediaindonesia;â€œMelalui Sumpah Pemuda, yang kita kita peringati pada 28 Oktober kemaren kita bias mengambil pelajaran, bahwa musikâ€¦ https://t.co/hRfOTv2YpI;0;melalui sumpah pemuda yang kita kita peringati pada number oktober kemaren kita bias mengambil pelajaran bahwa musik cohrfotv2ypi;['melalui', 'sumpah', 'pemuda', 'yang', 'kita', 'kita', 'peringati', 'pada', 'number', 'oktober', 'kemaren', 'kita', 'bias', 'mengambil', 'pelajaran', 'bahwa', 'musik', 'cohrfotv2ypi'];['melalui', 'sumpah', 'pemuda', 'yang', 'kita', 'kita', 'peringati', 'pada', 'number', 'oktober', 'kemaren', 'kita', 'bias', 'mengambil', 'pelajaran', 'bahwa', 'musik', 'cohrfotv2ypi'];melalui sumpah pemuda yang kita kita peringati pada number oktober kemaren kita bias mengambil pelajaran bahwa musik cohrfotv2ypi
60;60;mediaindonesia;Kedutaan Besar Republik Indonesia (KBRI) Seoul mengatakan bahwa tidak ada warga negara Indonesia (WNI) yang menjadiâ€¦ https://t.co/nFYZ0nuRyx;0;kedutaan besar republik indonesia kbri seoul mengatakan bahwa tidak ada warga negara indonesia wni yang menjadi confyz0nuryx;['kedutaan', 'besar', 'republik', 'indonesia', 'kbri', 'seoul', 'mengatakan', 'bahwa', 'tidak', 'ada', 'warga', 'negara', 'indonesia', 'wni', 'yang', 'menjadi', 'confyz0nuryx'];['kedutaan', 'besar', 'republik', 'indonesia', 'kbri', 'seoul', 'mengatakan', 'bahwa', 'tidak', 'ada', 'warga', 'negara', 'indonesia', 'wni', 'yang', 'menjadi', 'confyz0nuryx'];kedutaan besar republik indonesia kbri seoul mengatakan bahwa tidak ada warga negara indonesia wni yang menjadi confyz0nuryx
61;61;usman_deu12;@mediaindonesia Namun utk Capres yg di didukung oleh NASDEM saat ini bakal merusak Citra NASDEM pada Pemilu 2024....;0;user namun utk capres yg di didukung oleh nasdem saat ini bakal merusak citra nasdem pada pemilu number;['user', 'namun', 'utk', 'capres', 'yg', 'di', 'didukung', 'oleh', 'nasdem', 'saat', 'ini', 'bakal', 'merusak', 'citra', 'nasdem', 'pada', 'pemilu', 'number'];['user', 'namun', 'utk', 'capres', 'yg', 'di', 'didukung', 'oleh', 'nasdem', 'saat', 'ini', 'bakal', 'merusak', 'citra', 'nasdem', 'pada', 'pemilu', 'number'];user namun utk capres yg di didukung oleh nasdem saat ini bakal merusak citra nasdem pada pemilu number
62;62;mediaindonesia;Kedutaan Besar RI di Beijing telah mengeluarkan visa bagi 221 wartawan dari berbagai media yang berafiliasi denganâ€¦ https://t.co/hN3F6i3OcR;0;kedutaan besar ri di beijing telah mengeluarkan visa bagi number wartawan dari berbagai media yang berafiliasi dengan cohn3f6i3ocr;['kedutaan', 'besar', 'ri', 'di', 'beijing', 'telah', 'mengeluarkan', 'visa', 'bagi', 'number', 'wartawan', 'dari', 'berbagai', 'media', 'yang', 'berafiliasi', 'dengan', 'cohn3f6i3ocr'];['kedutaan', 'besar', 'ri', 'di', 'beijing', 'telah', 'mengeluarkan', 'visa', 'bagi', 'number', 'wartawan', 'dari', 'berbagai', 'media', 'yang', 'berafiliasi', 'dengan', 'cohn3f6i3ocr'];kedutaan besar ri di beijing telah mengeluarkan visa bagi number wartawan dari berbagai media yang berafiliasi dengan cohn3f6i3ocr
63;63;almf117;RT @mediaindonesia: Dua Bulan Menuju 2023, Anggaran Belanja Negara Masih Tersisa Rp1.200 Triliun. Hingga akhir September, alokasi belanja nâ€¦;0;rt user dua bulan menuju number anggaran belanja negara masih tersisa rp1 number triliun hingga akhir september alokasi belanja;['rt', 'user', 'dua', 'bulan', 'menuju', 'number', 'anggaran', 'belanja', 'negara', 'masih', 'tersisa', 'rp1', 'number', 'triliun', 'hingga', 'akhir', 'september', 'alokasi', 'belanja'];['rt', 'user', 'dua', 'bulan', 'menuju', 'number', 'anggaran', 'belanja', 'negara', 'masih', 'tersisa', 'rp1', 'number', 'triliun', 'hingga', 'akhir', 'september', 'alokasi', 'belanja'];rt user dua bulan menuju number anggaran belanja negara masih tersisa rp1 number triliun hingga akhir september alokasi belanja
64;64;mediaindonesia;Konser musik 'Berdendang Bergoyang' di Istora Senayan, Sabtu (29/10) malam dihentikan oleh polisi.  https://t.co/afmrF9gppL;0;konser musik berdendang bergoyang di istora senayan sabtu number number malam dihentikan oleh polisi coafmrf9gppl;['konser', 'musik', 'berdendang', 'bergoyang', 'di', 'istora', 'senayan', 'sabtu', 'number', 'number', 'malam', 'dihentikan', 'oleh', 'polisi', 'coafmrf9gppl'];['konser', 'musik', 'berdendang', 'bergoyang', 'di', 'istora', 'senayan', 'sabtu', 'number', 'number', 'malam', 'dihentikan', 'oleh', 'polisi', 'coafmrf9gppl'];konser musik berdendang bergoyang di istora senayan sabtu number number malam dihentikan oleh polisi coafmrf9gppl
65;65;mediaindonesia;Puncak Milad Ke-45Â BKPRMI, Prabowo Subianto Sumbang 25 Mobil Pemelihara Masjid  https://t.co/xJQNbloGLs;0;puncak milad ke number bkprmi prabowo subianto sumbang number mobil pemelihara masjid coxjqnblogls;['puncak', 'milad', 'ke', 'number', 'bkprmi', 'prabowo', 'subianto', 'sumbang', 'number', 'mobil', 'pemelihara', 'masjid', 'coxjqnblogls'];['puncak', 'milad', 'ke', 'number', 'bkprmi', 'prabowo', 'subianto', 'sumbang', 'number', 'mobil', 'pemelihara', 'masjid', 'coxjqnblogls'];puncak milad ke number bkprmi prabowo subianto sumbang number mobil pemelihara masjid coxjqnblogls
66;66;SudartoBram;@penjaganyankri @AlberaD5 @NasDem @DivHumas_Polri @CCICPolri @Puspen_TNI @BNPTRI @jokowi @mohmahfudmd @prabowoâ€¦ https://t.co/qexQgrjRrN;0;user user user user user user user user user user coqexqgrjrrn;['user', 'user', 'user', 'user', 'user', 'user', 'user', 'user', 'user', 'user', 'coqexqgrjrrn'];['user', 'user', 'user', 'user', 'user', 'user', 'user', 'user', 'user', 'user', 'coqexqgrjrrn'];user user user user user user user user user user coqexqgrjrrn
67;67;DwCuiz;Ya untuk @PDI_Perjuangan karena bpk @jokowi tahu siapa yg seharusnya dicalonkan,  bukan karena anak atau cucu tokohâ€¦ https://t.co/dFztZ6Sejh;0;ya untuk user karena bpk user tahu siapa yg seharusnya dicalonkan bukan karena anak atau cucu tokoh codfztz6sejh;['ya', 'untuk', 'user', 'karena', 'bpk', 'user', 'tahu', 'siapa', 'yg', 'seharusnya', 'dicalonkan', 'bukan', 'karena', 'anak', 'atau', 'cucu', 'tokoh', 'codfztz6sejh'];['ya', 'untuk', 'user', 'karena', 'bpk', 'user', 'tahu', 'siapa', 'yg', 'seharusnya', 'dicalonkan', 'bukan', 'karena', 'anak', 'atau', 'cucu', 'tokoh', 'codfztz6sejh'];ya untuk user karena bpk user tahu siapa yg seharusnya dicalonkan bukan karena anak atau cucu tokoh codfztz6sejh
68;68;saleemonia;Oalahh, pantesan hehe https://t.co/e9mkUH7cPI;0;oalahh pantesan hehe coe9mkuh7cpi;['oalahh', 'pantesan', 'hehe', 'coe9mkuh7cpi'];['oalahh', 'pantesan', 'hehe', 'coe9mkuh7cpi'];oalahh pantesan hehe coe9mkuh7cpi
69;69;mediaindonesia;Pada malam Halloween kemarin, lebih tepatnya pada hari Sabtu (29/30) malam, setidaknya sekitar 149 orang dilaporkanâ€¦ https://t.co/frg2o04jPV;0;pada malam halloween kemarin lebih tepatnya pada hari sabtu number number malam setidaknya sekitar number orang dilaporkan cofrg2o04jpv;['pada', 'malam', 'halloween', 'kemarin', 'lebih', 'tepatnya', 'pada', 'hari', 'sabtu', 'number', 'number', 'malam', 'setidaknya', 'sekitar', 'number', 'orang', 'dilaporkan', 'cofrg2o04jpv'];['pada', 'malam', 'halloween', 'kemarin', 'lebih', 'tepatnya', 'pada', 'hari', 'sabtu', 'number', 'number', 'malam', 'setidaknya', 'sekitar', 'number', 'orang', 'dilaporkan', 'cofrg2o04jpv'];pada malam halloween kemarin lebih tepatnya pada hari sabtu number number malam setidaknya sekitar number orang dilaporkan cofrg2o04jpv
70;70;mediaindonesia;Bila kita tidak melupakan sejarah, Partai NasDem adalah yang pertama kali menyatakan mendukung Joko Widodo sebagaiâ€¦ https://t.co/hKAUtsXEzz;0;bila kita tidak melupakan sejarah partai nasdem adalah yang pertama kali menyatakan mendukung joko widodo sebagai cohkautsxezz;['bila', 'kita', 'tidak', 'melupakan', 'sejarah', 'partai', 'nasdem', 'adalah', 'yang', 'pertama', 'kali', 'menyatakan', 'mendukung', 'joko', 'widodo', 'sebagai', 'cohkautsxezz'];['bila', 'kita', 'tidak', 'melupakan', 'sejarah', 'partai', 'nasdem', 'adalah', 'yang', 'pertama', 'kali', 'menyatakan', 'mendukung', 'joko', 'widodo', 'sebagai', 'cohkautsxezz'];bila kita tidak melupakan sejarah partai nasdem adalah yang pertama kali menyatakan mendukung joko widodo sebagai cohkautsxezz
71;71;SuriaB5;@penjaganyankri @Paltiwest @NasDem @DivHumas_Polri @CCICPolri @Puspen_TNI @BNPTRI @jokowi @mohmahfudmd @prabowoâ€¦ https://t.co/WEkBDm0dkI;0;user user user user user user user user user user cowekbdm0dki;['user', 'user', 'user', 'user', 'user', 'user', 'user', 'user', 'user', 'user', 'cowekbdm0dki'];['user', 'user', 'user', 'user', 'user', 'user', 'user', 'user', 'user', 'user', 'cowekbdm0dki'];user user user user user user user user user user cowekbdm0dki
72;72;mediaindonesia;Sedikitnya 149 orang tewas dan puluhan lainnya luka-luka akibat terinjak-injak pada acara Halloween di pusat kota Sâ€¦ https://t.co/gSZYKGK2xg;0;sedikitnya number orang tewas dan puluhan lainnya luka luka akibat terinjak injak pada acara halloween di pusat kota cogszykgk2xg;['sedikitnya', 'number', 'orang', 'tewas', 'dan', 'puluhan', 'lainnya', 'luka', 'luka', 'akibat', 'terinjak', 'injak', 'pada', 'acara', 'halloween', 'di', 'pusat', 'kota', 'cogszykgk2xg'];['sedikitnya', 'number', 'orang', 'tewas', 'dan', 'puluhan', 'lainnya', 'luka', 'luka', 'akibat', 'terinjak', 'injak', 'pada', 'acara', 'halloween', 'di', 'pusat', 'kota', 'cogszykgk2xg'];sedikitnya number orang tewas dan puluhan lainnya luka luka akibat terinjak injak pada acara halloween di pusat kota cogszykgk2xg
73;73;mediaindonesia;â€œKepada seluruh masyarakat Indonesia, saya mengucapkan selamat memperingati Hari Sumpah Pemuda. Bangkit terus pemudâ€¦ https://t.co/NPa81r8FyX;0;kepada seluruh masyarakat indonesia saya mengucapkan selamat memperingati hari sumpah pemuda bangkit terus pemud conpa81r8fyx;['kepada', 'seluruh', 'masyarakat', 'indonesia', 'saya', 'mengucapkan', 'selamat', 'memperingati', 'hari', 'sumpah', 'pemuda', 'bangkit', 'terus', 'pemud', 'conpa81r8fyx'];['kepada', 'seluruh', 'masyarakat', 'indonesia', 'saya', 'mengucapkan', 'selamat', 'memperingati', 'hari', 'sumpah', 'pemuda', 'bangkit', 'terus', 'pemud', 'conpa81r8fyx'];kepada seluruh masyarakat indonesia saya mengucapkan selamat memperingati hari sumpah pemuda bangkit terus pemud conpa81r8fyx
74;74;mediaindonesia;Dalam kesempatan itu Syamsurizal mewakili Komisi II juga menanggapi respon masyarakat yang menilai kurangnya transpâ€¦ https://t.co/EcEv9Hxqad;0;dalam kesempatan itu syamsurizal mewakili komisi ii juga menanggapi respon masyarakat yang menilai kurangnya transp coecev9hxqad;['dalam', 'kesempatan', 'itu', 'syamsurizal', 'mewakili', 'komisi', 'ii', 'juga', 'menanggapi', 'respon', 'masyarakat', 'yang', 'menilai', 'kurangnya', 'transp', 'coecev9hxqad'];['dalam', 'kesempatan', 'itu', 'syamsurizal', 'mewakili', 'komisi', 'ii', 'juga', 'menanggapi', 'respon', 'masyarakat', 'yang', 'menilai', 'kurangnya', 'transp', 'coecev9hxqad'];dalam kesempatan itu syamsurizal mewakili komisi ii juga menanggapi respon masyarakat yang menilai kurangnya transp coecev9hxqad
75;75;mediaindonesia;Kepala Biro Komunikasi dan Pelayanan Publik Kemenkes RI Siti Nadia Tarmizi mengatakan Jepang mendonasikan 200 vialâ€¦ https://t.co/0ze5gx9RPy;0;kepala biro komunikasi dan pelayanan publik kemenkes ri siti nadia tarmizi mengatakan jepang mendonasikan number vial co0ze5gx9rpy;['kepala', 'biro', 'komunikasi', 'dan', 'pelayanan', 'publik', 'kemenkes', 'ri', 'siti', 'nadia', 'tarmizi', 'mengatakan', 'jepang', 'mendonasikan', 'number', 'vial', 'co0ze5gx9rpy'];['kepala', 'biro', 'komunikasi', 'dan', 'pelayanan', 'publik', 'kemenkes', 'ri', 'siti', 'nadia', 'tarmizi', 'mengatakan', 'jepang', 'mendonasikan', 'number', 'vial', 'co0ze5gx9rpy'];kepala biro komunikasi dan pelayanan publik kemenkes ri siti nadia tarmizi mengatakan jepang mendonasikan number vial co0ze5gx9rpy
76;76;mediaindonesia;Ribuan Bayi Penyu Dilepasliarkan di Danau Amazon Peru  https://t.co/gEQss3cTec;0;ribuan bayi penyu dilepasliarkan di danau amazon peru cogeqss3ctec;['ribuan', 'bayi', 'penyu', 'dilepasliarkan', 'di', 'danau', 'amazon', 'peru', 'cogeqss3ctec'];['ribuan', 'bayi', 'penyu', 'dilepasliarkan', 'di', 'danau', 'amazon', 'peru', 'cogeqss3ctec'];ribuan bayi penyu dilepasliarkan di danau amazon peru cogeqss3ctec
77;77;AhmadShiddiqN;"RT @thedufresne: Rp 1.200 T ituâ€¦

Kalo dipake untuk bikin LRT, bisa dpt 2.400 km. Ujung ke ujung Pulau Sumatera, dari Pelabuhan Bakauheni kâ€¦";0;rt user rp number itu kalo dipake untuk bikin lrt bisa dpt number km ujung ke ujung pulau sumatera dari pelabuhan bakauheni;['rt', 'user', 'rp', 'number', 'itu', 'kalo', 'dipake', 'untuk', 'bikin', 'lrt', 'bisa', 'dpt', 'number', 'km', 'ujung', 'ke', 'ujung', 'pulau', 'sumatera', 'dari', 'pelabuhan', 'bakauheni'];['rt', 'user', 'rp', 'number', 'itu', 'kalo', 'dipake', 'untuk', 'bikin', 'lrt', 'bisa', 'dpt', 'number', 'km', 'ujung', 'ke', 'ujung', 'pulau', 'sumatera', 'dari', 'pelabuhan', 'bakauheni'];rt user rp number itu kalo dipake untuk bikin lrt bisa dpt number km ujung ke ujung pulau sumatera dari pelabuhan bakauheni
78;78;mediaindonesia;Blibli terus meningkatkan kapabilitas dan menerapkan pendekatan yang lebih tepat, lebih dekat, dan lebih familiar bâ€¦ https://t.co/gfiXcHbsnq;1;blibli terus meningkatkan kapabilitas dan menerapkan pendekatan yang lebih tepat lebih dekat dan lebih familiar cogfixchbsnq;['blibli', 'terus', 'meningkatkan', 'kapabilitas', 'dan', 'menerapkan', 'pendekatan', 'yang', 'lebih', 'tepat', 'lebih', 'dekat', 'dan', 'lebih', 'familiar', 'cogfixchbsnq'];['blibli', 'terus', 'meningkatkan', 'kapabilitas', 'dan', 'menerapkan', 'pendekatan', 'yang', 'lebih', 'tepat', 'lebih', 'dekat', 'dan', 'lebih', 'familiar', 'cogfixchbsnq'];blibli terus meningkatkan kapabilitas dan menerapkan pendekatan yang lebih tepat lebih dekat dan lebih familiar cogfixchbsnq
79;79;seminubatonis1;"MEDIA"" INDONESIA BICARA TENTANG KEUNGGULAN UNITSKY STRING TECHNOLOGIES VS MRT ğŸ”¥ğŸ”¥ğŸ”¥
=====â‰ˆ============â€¦ https://t.co/ttEIqAtIXH";0;media indonesia bicara tentang keunggulan unitsky string technologies vs mrt cotteiqatixh;['media', 'indonesia', 'bicara', 'tentang', 'keunggulan', 'unitsky', 'string', 'technologies', 'vs', 'mrt', 'cotteiqatixh'];['media', 'indonesia', 'bicara', 'tentang', 'keunggulan', 'unitsky', 'string', 'technologies', 'vs', 'mrt', 'cotteiqatixh'];media indonesia bicara tentang keunggulan unitsky string technologies vs mrt cotteiqatixh
80;80;mediaindonesia;Kini, di tengah makian dan ujaran kebencian yang bertebaran, memang sudah selayaknya kita mengingat dan merenungi kâ€¦ https://t.co/EcemRagHgo;0;kini di tengah makian dan ujaran kebencian yang bertebaran memang sudah selayaknya kita mengingat dan merenungi coecemraghgo;['kini', 'di', 'tengah', 'makian', 'dan', 'ujaran', 'kebencian', 'yang', 'bertebaran', 'memang', 'sudah', 'selayaknya', 'kita', 'mengingat', 'dan', 'merenungi', 'coecemraghgo'];['kini', 'di', 'tengah', 'makian', 'dan', 'ujaran', 'kebencian', 'yang', 'bertebaran', 'memang', 'sudah', 'selayaknya', 'kita', 'mengingat', 'dan', 'merenungi', 'coecemraghgo'];kini di tengah makian dan ujaran kebencian yang bertebaran memang sudah selayaknya kita mengingat dan merenungi coecemraghgo
81;81;anti_jijikcabul;@penjaganyankri @yonifree @NasDem @DivHumas_Polri @CCICPolri @Puspen_TNI @BNPTRI @jokowi @mohmahfudmd @prabowoâ€¦ https://t.co/BTQclB6oiz;0;user user user user user user user user user user cobtqclb6oiz;['user', 'user', 'user', 'user', 'user', 'user', 'user', 'user', 'user', 'user', 'cobtqclb6oiz'];['user', 'user', 'user', 'user', 'user', 'user', 'user', 'user', 'user', 'user', 'cobtqclb6oiz'];user user user user user user user user user user cobtqclb6oiz
82;82;mediaindonesia;Salah satu contoh dampak positif dari banyak kegiatan menjelang KTT adalah meningkatnya tingkat hunian hotel-hotelâ€¦ https://t.co/t6aL5Brdiz;0;salah satu contoh dampak positif dari banyak kegiatan menjelang ktt adalah meningkatnya tingkat hunian hotel hotel cot6al5brdiz;['salah', 'satu', 'contoh', 'dampak', 'positif', 'dari', 'banyak', 'kegiatan', 'menjelang', 'ktt', 'adalah', 'meningkatnya', 'tingkat', 'hunian', 'hotel', 'hotel', 'cot6al5brdiz'];['salah', 'satu', 'contoh', 'dampak', 'positif', 'dari', 'banyak', 'kegiatan', 'menjelang', 'ktt', 'adalah', 'meningkatnya', 'tingkat', 'hunian', 'hotel', 'hotel', 'cot6al5brdiz'];salah satu contoh dampak positif dari banyak kegiatan menjelang ktt adalah meningkatnya tingkat hunian hotel hotel cot6al5brdiz
83;83;kasitaudonggw;RT @bagiwang: Ada banyak PBJ yang akhirnya tertahan karena kena AA, begitu mendekati akhir tahun ternyata banyak sisa. PBJ gak bisa jalan,â€¦;0;rt user ada banyak pbj yang akhirnya tertahan karena kena aa begitu mendekati akhir tahun ternyata banyak sisa pbj gak bisa jalan;['rt', 'user', 'ada', 'banyak', 'pbj', 'yang', 'akhirnya', 'tertahan', 'karena', 'kena', 'aa', 'begitu', 'mendekati', 'akhir', 'tahun', 'ternyata', 'banyak', 'sisa', 'pbj', 'gak', 'bisa', 'jalan'];['rt', 'user', 'ada', 'banyak', 'pbj', 'yang', 'akhirnya', 'tertahan', 'karena', 'kena', 'aa', 'begitu', 'mendekati', 'akhir', 'tahun', 'ternyata', 'banyak', 'sisa', 'pbj', 'gak', 'bisa', 'jalan'];rt user ada banyak pbj yang akhirnya tertahan karena kena aa begitu mendekati akhir tahun ternyata banyak sisa pbj gak bisa jalan
84;84;mediaindonesia;CEO Segway Motors Indonesia, Yedi Sondy mengungkapkan bahwa pihaknya memiliki target untuk membuka lebih banyak dilâ€¦ https://t.co/puJhKqFsuB;0;ceo segway motors indonesia yedi sondy mengungkapkan bahwa pihaknya memiliki target untuk membuka lebih banyak dil copujhkqfsub;['ceo', 'segway', 'motors', 'indonesia', 'yedi', 'sondy', 'mengungkapkan', 'bahwa', 'pihaknya', 'memiliki', 'target', 'untuk', 'membuka', 'lebih', 'banyak', 'dil', 'copujhkqfsub'];['ceo', 'segway', 'motors', 'indonesia', 'yedi', 'sondy', 'mengungkapkan', 'bahwa', 'pihaknya', 'memiliki', 'target', 'untuk', 'membuka', 'lebih', 'banyak', 'dil', 'copujhkqfsub'];ceo segway motors indonesia yedi sondy mengungkapkan bahwa pihaknya memiliki target untuk membuka lebih banyak dil copujhkqfsub
85;85;mediaindonesia;Percakapan Diri I-IVÂ   https://t.co/0MBsmbhZa5;0;percakapan diri iv co0mbsmbhza5;['percakapan', 'diri', 'iv', 'co0mbsmbhza5'];['percakapan', 'diri', 'iv', 'co0mbsmbhza5'];percakapan diri iv co0mbsmbhza5
86;86;arieza023;RT @bagiwang: Ada banyak PBJ yang akhirnya tertahan karena kena AA, begitu mendekati akhir tahun ternyata banyak sisa. PBJ gak bisa jalan,â€¦;0;rt user ada banyak pbj yang akhirnya tertahan karena kena aa begitu mendekati akhir tahun ternyata banyak sisa pbj gak bisa jalan;['rt', 'user', 'ada', 'banyak', 'pbj', 'yang', 'akhirnya', 'tertahan', 'karena', 'kena', 'aa', 'begitu', 'mendekati', 'akhir', 'tahun', 'ternyata', 'banyak', 'sisa', 'pbj', 'gak', 'bisa', 'jalan'];['rt', 'user', 'ada', 'banyak', 'pbj', 'yang', 'akhirnya', 'tertahan', 'karena', 'kena', 'aa', 'begitu', 'mendekati', 'akhir', 'tahun', 'ternyata', 'banyak', 'sisa', 'pbj', 'gak', 'bisa', 'jalan'];rt user ada banyak pbj yang akhirnya tertahan karena kena aa begitu mendekati akhir tahun ternyata banyak sisa pbj gak bisa jalan
87;87;MaryamM04135566;"RT @yusuf_dumdum: Telak banget ini. Semoga banyak yg sadar dan bisa ambil hikmahnya. â˜•ï¸

""Saya bukan seorang politisi, saya tidak akrab denâ€¦";0;rt user telak banget ini semoga banyak yg sadar dan bisa ambil hikmahnya saya bukan seorang politisi saya tidak akrab den;['rt', 'user', 'telak', 'banget', 'ini', 'semoga', 'banyak', 'yg', 'sadar', 'dan', 'bisa', 'ambil', 'hikmahnya', 'saya', 'bukan', 'seorang', 'politisi', 'saya', 'tidak', 'akrab', 'den'];['rt', 'user', 'telak', 'banget', 'ini', 'semoga', 'banyak', 'yg', 'sadar', 'dan', 'bisa', 'ambil', 'hikmahnya', 'saya', 'bukan', 'seorang', 'politisi', 'saya', 'tidak', 'akrab', 'den'];rt user telak banget ini semoga banyak yg sadar dan bisa ambil hikmahnya saya bukan seorang politisi saya tidak akrab den
88;88;f1rmanh;"RT @ArRayah43832329: @geloraco Emang udah dipersiapkan untuk isi ikbikn... 
Apakah masyarakat Indonesia belum sadar juga???
@SBYudhoyono @Nâ€¦";0;rt user user emang udah dipersiapkan untuk isi ikbikn apakah masyarakat indonesia belum sadar juga user user;['rt', 'user', 'user', 'emang', 'udah', 'dipersiapkan', 'untuk', 'isi', 'ikbikn', 'apakah', 'masyarakat', 'indonesia', 'belum', 'sadar', 'juga', 'user', 'user'];['rt', 'user', 'user', 'emang', 'udah', 'dipersiapkan', 'untuk', 'isi', 'ikbikn', 'apakah', 'masyarakat', 'indonesia', 'belum', 'sadar', 'juga', 'user', 'user'];rt user user emang udah dipersiapkan untuk isi ikbikn apakah masyarakat indonesia belum sadar juga user user
89;89;rovz_poppin;RT @mediaindonesia: Video musik The Astronaut menunjukkan pesona unik Jin sebagai artis solo, saat ia mengungkapkan cintanya kepada ARMY.Â â€¦;0;rt user video musik the astronaut menunjukkan pesona unik jin sebagai artis solo saat ia mengungkapkan cintanya kepada army;['rt', 'user', 'video', 'musik', 'the', 'astronaut', 'menunjukkan', 'pesona', 'unik', 'jin', 'sebagai', 'artis', 'solo', 'saat', 'ia', 'mengungkapkan', 'cintanya', 'kepada', 'army'];['rt', 'user', 'video', 'musik', 'the', 'astronaut', 'menunjukkan', 'pesona', 'unik', 'jin', 'sebagai', 'artis', 'solo', 'saat', 'ia', 'mengungkapkan', 'cintanya', 'kepada', 'army'];rt user video musik the astronaut menunjukkan pesona unik jin sebagai artis solo saat ia mengungkapkan cintanya kepada army
90;90;Nurasyor;@mediaindonesia Politik identitas yang seperti apa ya pak Kapolri ?;0;user politik identitas yang seperti apa ya pak kapolri;['user', 'politik', 'identitas', 'yang', 'seperti', 'apa', 'ya', 'pak', 'kapolri'];['user', 'politik', 'identitas', 'yang', 'seperti', 'apa', 'ya', 'pak', 'kapolri'];user politik identitas yang seperti apa ya pak kapolri
91;91;mediaindonesia;MEMBANGKITKAN kembali gairah memproduksi miniatur kapal, menjadi fokus Universitas Pembangunan Nasional Veteran Jakâ€¦ https://t.co/1T1ykCo1VJ;0;membangkitkan kembali gairah memproduksi miniatur kapal menjadi fokus universitas pembangunan nasional veteran jak co1t1ykco1vj;['membangkitkan', 'kembali', 'gairah', 'memproduksi', 'miniatur', 'kapal', 'menjadi', 'fokus', 'universitas', 'pembangunan', 'nasional', 'veteran', 'jak', 'co1t1ykco1vj'];['membangkitkan', 'kembali', 'gairah', 'memproduksi', 'miniatur', 'kapal', 'menjadi', 'fokus', 'universitas', 'pembangunan', 'nasional', 'veteran', 'jak', 'co1t1ykco1vj'];membangkitkan kembali gairah memproduksi miniatur kapal menjadi fokus universitas pembangunan nasional veteran jak co1t1ykco1vj
92;92;auliafikrah10;"RT @mediaindonesia: Berbagai macam pengalaman selama mengajar tentunya sudah dirasakan oleh para guru maupun dosen.

Buku yang ditulis olehâ€¦";0;rt user berbagai macam pengalaman selama mengajar tentunya sudah dirasakan oleh para guru maupun dosen buku yang ditulis oleh;['rt', 'user', 'berbagai', 'macam', 'pengalaman', 'selama', 'mengajar', 'tentunya', 'sudah', 'dirasakan', 'oleh', 'para', 'guru', 'maupun', 'dosen', 'buku', 'yang', 'ditulis', 'oleh'];['rt', 'user', 'berbagai', 'macam', 'pengalaman', 'selama', 'mengajar', 'tentunya', 'sudah', 'dirasakan', 'oleh', 'para', 'guru', 'maupun', 'dosen', 'buku', 'yang', 'ditulis', 'oleh'];rt user berbagai macam pengalaman selama mengajar tentunya sudah dirasakan oleh para guru maupun dosen buku yang ditulis oleh
93;93;mediaindonesia;Menurut Saiful, Syahrial sebagai litbang juga tidak cermat membaca sejarah  https://t.co/sGOvkqLy5M;0;menurut saiful syahrial sebagai litbang juga tidak cermat membaca sejarah cosgovkqly5m;['menurut', 'saiful', 'syahrial', 'sebagai', 'litbang', 'juga', 'tidak', 'cermat', 'membaca', 'sejarah', 'cosgovkqly5m'];['menurut', 'saiful', 'syahrial', 'sebagai', 'litbang', 'juga', 'tidak', 'cermat', 'membaca', 'sejarah', 'cosgovkqly5m'];menurut saiful syahrial sebagai litbang juga tidak cermat membaca sejarah cosgovkqly5m
94;94;mediaindonesia;Diketahui, PSSI memutuskan untuk mempercepat pelaksanaan KLB, setelah menggelar rapat darurat Exco di Kantor PSSI,â€¦ https://t.co/yyOCzGWoKi;0;diketahui pssi memutuskan untuk mempercepat pelaksanaan klb setelah menggelar rapat darurat exco di kantor pssi coyyoczgwoki;['diketahui', 'pssi', 'memutuskan', 'untuk', 'mempercepat', 'pelaksanaan', 'klb', 'setelah', 'menggelar', 'rapat', 'darurat', 'exco', 'di', 'kantor', 'pssi', 'coyyoczgwoki'];['diketahui', 'pssi', 'memutuskan', 'untuk', 'mempercepat', 'pelaksanaan', 'klb', 'setelah', 'menggelar', 'rapat', 'darurat', 'exco', 'di', 'kantor', 'pssi', 'coyyoczgwoki'];diketahui pssi memutuskan untuk mempercepat pelaksanaan klb setelah menggelar rapat darurat exco di kantor pssi coyyoczgwoki
95;95;mediaindonesia;Riri berharap, ini menjadi contoh regenerasi masa depan bersama sama menjada sumberdaya untuk masa depan yang cerahâ€¦ https://t.co/7y22TEMZUy;0;riri berharap ini menjadi contoh regenerasi masa depan bersama sama menjada sumberdaya untuk masa depan yang cerah co7y22temzuy;['riri', 'berharap', 'ini', 'menjadi', 'contoh', 'regenerasi', 'masa', 'depan', 'bersama', 'sama', 'menjada', 'sumberdaya', 'untuk', 'masa', 'depan', 'yang', 'cerah', 'co7y22temzuy'];['riri', 'berharap', 'ini', 'menjadi', 'contoh', 'regenerasi', 'masa', 'depan', 'bersama', 'sama', 'menjada', 'sumberdaya', 'untuk', 'masa', 'depan', 'yang', 'cerah', 'co7y22temzuy'];riri berharap ini menjadi contoh regenerasi masa depan bersama sama menjada sumberdaya untuk masa depan yang cerah co7y22temzuy
